logged_at,game_date,away_team,home_team,model_p_home,market_p_home,best_home_dec,best_away_dec,n_books,edge_home,kelly_stake,home_win,graded_at
2026-08-08T17:26:59+00:00,2026-08-08 00:00:00,OAK,BOS,0.5969849854448104,0.7013006127487144,1.4,3.31,9,-0.1043156273039039,0.02,,
2026-08-08T17:26:59+00:00,2026-08-08 00:00:00,CLE,CHA,0.5394363524613457,0.4418658138829464,2.25,1.7575757575757576,9,0.0975705385783993,0.02,,
2026-08-08T17:26:59+00:00,2026-08-08 00:00:00,CHN,KCA,0.4812941006377819,0.4010015528344979,2.47,1.641025641025641,9,0.080292547803284,0.02,,
2026-08-08T17:26:59+00:00,2026-08-08 00:00:00,ANA,MIA,0.5444817579076471,0.59392107047516,1.6493506493506491,2.47,9,-0.0494393125675128,0.02,,
2026-08-08T17:26:59+00:00,2026-08-08 00:00:00,MIN,MIL,0.5415640059578054,0.5648587132246433,1.7575757575757576,2.26,9,-0.0232947072668379,0.0071558227252697,,
2026-08-08T17:26:59+00:00,2026-08-08 00:00:00,ATL,NYA,0.4910673141781824,0.4219024840542077,2.34,1.7092198581560285,9,0.0691648301239746,0.02,,
2026-08-08T17:26:59+00:00,2026-08-08 00:00:00,TOR,PHI,0.5066198896807239,0.6044601813487551,1.6329113924050631,2.5,9,-0.0978402916680312,0.02,,
2026-08-08T17:26:59+00:00,2026-08-08 00:00:00,NYN,PIT,0.4881925912006347,0.5348531602156893,1.8333333333333333,2.14,9,-0.0466605690150546,0.02,,
2026-08-08T17:26:59+00:00,2026-08-08 00:00:00,HOU,SDN,0.4774095926666858,0.5240880925003497,1.8928571428571428,2.0700000000000003,9,-0.0466784998336639,0.0191033044812991,,
2026-08-08T17:26:59+00:00,2026-08-08 00:00:00,DET,SFN,0.4919335154000913,0.4759325612106793,2.09,1.8928571428571428,9,0.0160009541894119,0.0,,
2026-08-08T17:26:59+00:00,2026-08-08 00:00:00,COL,SLN,0.5450389808996885,0.5886102193407501,1.6756756756756757,2.38,9,-0.0435712384410615,0.0150013089599169,,
2026-08-08T17:26:59+00:00,2026-08-08 00:00:00,BAL,TEX,0.5188744449301934,0.5784926749759008,1.7142857142857144,2.3600000000000003,9,-0.0596182300457074,0.02,,
2026-08-08T17:26:59+00:00,2026-08-08 00:00:00,CIN,WAS,0.476909515905175,0.4259950168033966,2.31,1.7142857142857144,9,0.0509144991017783,0.0194009507139225,,
2026-08-09T14:23:43+00:00,2026-08-09 00:00:00,LAN,ARI,0.5738594188339877,0.4261839967955865,2.3200000000000003,1.7092198581560285,9,0.1476754220384011,0.02,,
2026-08-09T14:23:43+00:00,2026-08-09 00:00:00,OAK,BOS,0.5898293952330924,0.6881864301913319,1.425531914893617,3.2,9,-0.0983570349582394,0.02,,
2026-08-09T14:23:43+00:00,2026-08-09 00:00:00,CLE,CHA,0.5582815032946431,0.4729487743631589,2.1100000000000003,1.8928571428571428,9,0.0853327289314841,0.02,,
2026-08-09T14:23:43+00:00,2026-08-09 00:00:00,CHN,KCA,0.4845326127188272,0.4037610245723413,2.45,1.6666666666666663,9,0.0807715881464859,0.02,,
2026-08-09T14:23:43+00:00,2026-08-09 00:00:00,ANA,MIA,0.5424222304805664,0.5766428461135111,1.7246376811594204,2.33,9,-0.0342206156329447,0.0124353765000526,,
2026-08-09T14:23:43+00:00,2026-08-09 00:00:00,MIN,MIL,0.5630303778903016,0.69812306651081,1.4081632653061225,3.34,9,-0.1350926886205083,0.02,,
2026-08-09T14:23:43+00:00,2026-08-09 00:00:00,ATL,NYA,0.4991303068904981,0.5660498054078491,1.7407407407407407,2.3200000000000003,9,-0.0669194985173509,0.02,,
2026-08-09T14:23:43+00:00,2026-08-09 00:00:00,TOR,PHI,0.4937857135004354,0.6491601036374541,1.5154639175257731,2.8200000000000003,9,-0.1553743901370187,0.02,,
2026-08-09T14:23:43+00:00,2026-08-09 00:00:00,NYN,PIT,0.5109150948714823,0.5712488397240891,1.7246376811594204,2.3200000000000003,9,-0.0603337448526067,0.02,,
2026-08-09T14:23:43+00:00,2026-08-09 00:00:00,TBA,SEA,0.4810669091071118,0.503368964187252,1.9615384615384617,1.9803921568627447,9,-0.0223020550801401,0.0070612109009085,,
2026-08-09T14:23:43+00:00,2026-08-09 00:00:00,DET,SFN,0.475304236960557,0.4681731295434224,2.1100000000000003,1.862068965517241,9,0.0071311074171346,0.0,,
2026-08-09T14:23:43+00:00,2026-08-09 00:00:00,COL,SLN,0.5266948261502232,0.6020008169325735,1.6329113924050631,2.48,9,-0.0753059907823502,0.02,,
2026-08-09T14:23:43+00:00,2026-08-09 00:00:00,BAL,TEX,0.5370809576958148,0.5492758449512187,1.7874015748031495,2.2,9,-0.0121948872554039,0.0,,
2026-08-09T14:23:43+00:00,2026-08-09 00:00:00,CIN,WAS,0.5010057287997522,0.5031698895318744,1.9615384615384617,1.9803921568627447,9,-0.0021641607321221,0.0,,
2026-08-10T14:50:02+00:00,2026-08-10 00:00:00,NYN,ATL,0.5184142420853164,0.5767725105476035,1.7142857142857144,2.3200000000000003,9,-0.058358268462287,0.02,,
2026-08-10T14:50:02+00:00,2026-08-10 00:00:00,BAL,MIN,0.5211080261749145,0.4831547011248299,2.04,1.8928571428571428,9,0.0379533250500845,0.0151587436050061,,
2026-08-10T14:50:02+00:00,2026-08-10 00:00:00,PHI,SLN,0.5094981765105692,0.4745541880363633,2.1,1.8771929824561404,9,0.0349439884742058,0.0158968569709534,,
2026-08-10T14:50:02+00:00,2026-08-10 00:00:00,BOS,TOR,0.4759447675831511,0.4148309475282788,2.38,1.6849315068493151,9,0.0611138200548723,0.02,,
2026-08-11T14:49:39+00:00,2026-08-11 00:00:00,NYN,ATL,0.5188009212388598,0.5445202867002044,1.819672131147541,2.19,9,-0.0257193654613445,0.011307979514054,,
2026-08-11T14:49:39+00:00,2026-08-11 00:00:00,CIN,CHA,0.508975628630177,0.5914574759575321,1.6756756756756757,2.45,9,-0.082481847327355,0.02,,
2026-08-11T14:49:39+00:00,2026-08-11 00:00:00,CLE,DET,0.5561279043624744,0.5382045613244373,1.8333333333333333,2.15,9,0.0179233430380371,0.0,,
2026-08-11T14:49:39+00:00,2026-08-11 00:00:00,PIT,MIA,0.5557069517971202,0.4827851248706168,2.04,1.8928571428571428,9,0.0729218269265032,0.02,,
2026-08-11T14:49:39+00:00,2026-08-11 00:00:00,BAL,MIN,0.5376819522353835,0.5158757479342176,1.9090909090909087,2.03,9,0.0218062043011658,0.0072830249235763,,
2026-08-11T14:49:39+00:00,2026-08-11 00:00:00,SEA,NYA,0.5618923015593147,0.5460197387191951,1.806451612903225,2.18,9,0.0158725628401196,0.0,,
2026-08-11T14:49:39+00:00,2026-08-11 00:00:00,PHI,SLN,0.4926375110724268,0.3956626924936395,2.52,1.617283950617284,9,0.0969748185787873,0.02,,
2026-08-11T14:49:39+00:00,2026-08-11 00:00:00,BOS,TOR,0.4913041288461318,0.5665038342082352,1.7352941176470589,2.3,9,-0.0751997053621034,0.02,,
2026-08-11T14:49:39+00:00,2026-08-11 00:00:00,CHN,WAS,0.4924213431567332,0.3953816977405644,2.55,1.6289308176100628,9,0.0970396454161687,0.02,,
2026-08-12T14:49:47+00:00,2026-08-12 00:00:00,COL,ARI,0.5397193662563476,0.620784956360613,1.5813953488372094,2.63,9,-0.0810655901042654,0.02,,
2026-08-12T14:49:47+00:00,2026-08-12 00:00:00,NYN,ATL,0.5262257205396916,0.6143242416823721,1.617283950617284,2.58,9,-0.0880985211426804,0.02,,
2026-08-12T14:49:47+00:00,2026-08-12 00:00:00,CIN,CHA,0.5100955274670045,0.5716791321220853,1.7246376811594204,2.31,9,-0.0615836046550808,0.02,,
2026-08-12T14:49:47+00:00,2026-08-12 00:00:00,CLE,DET,0.5759356468307928,0.5360266173853495,1.8403361344537816,2.14,9,0.0399090294454432,0.017824766639859,,
2026-08-12T14:49:47+00:00,2026-08-12 00:00:00,PIT,MIA,0.5598208050095989,0.510193358945557,1.9433962264150944,2.0,9,0.0496274460640419,0.02,,
2026-08-12T14:49:47+00:00,2026-08-12 00:00:00,BAL,MIN,0.5361894895180054,0.5078875283539929,1.9615384615384617,2.0,9,0.0283019611640125,0.0134566396541827,,
2026-08-12T14:49:47+00:00,2026-08-12 00:00:00,SEA,NYA,0.5701678094135966,0.5452907161053742,1.806451612903225,2.18,9,0.0248770933082224,0.009293973271614,,
2026-08-12T14:49:47+00:00,2026-08-12 00:00:00,TBA,OAK,0.4420541853637252,0.3397472170804798,2.95,1.4878048780487805,9,0.1023069682832454,0.02,,
2026-08-12T14:49:47+00:00,2026-08-12 00:00:00,MIL,SDN,0.5430196540466946,0.4806482331113281,2.05,1.8928571428571428,9,0.0623714209353665,0.02,,
2026-08-12T14:49:47+00:00,2026-08-12 00:00:00,HOU,SFN,0.5071351048854718,0.4251457198427636,2.3200000000000003,1.7246376811594204,7,0.0819893850427081,0.02,,
2026-08-12T14:49:47+00:00,2026-08-12 00:00:00,PHI,SLN,0.5122535804999697,0.4013293244473282,2.47,1.641025641025641,9,0.1109242560526415,0.02,,
2026-08-12T14:49:47+00:00,2026-08-12 00:00:00,BOS,TOR,0.5085336610748882,0.4677445986973921,2.1100000000000003,1.847457627118644,9,0.040789062377496,0.0164427983936968,,
2026-08-12T14:49:47+00:00,2026-08-12 00:00:00,CHN,WAS,0.4785239623359635,0.4006937930839738,2.48,1.6493506493506491,9,0.0778301692519897,0.02,,
2026-08-13T14:50:13+00:00,2026-08-13 00:00:00,CIN,CHA,0.5280926121309281,0.5520014006934338,1.8130081300813008,2.21,9,-0.0239087885625057,0.0088668031385638,,
2026-08-13T14:50:13+00:00,2026-08-13 00:00:00,CLE,DET,0.5602366274126548,0.4829503288861018,2.0700000000000003,1.925925925925926,9,0.0772862985265529,0.02,,
2026-08-13T14:50:13+00:00,2026-08-13 00:00:00,PIT,MIA,0.5784501342355796,0.4658919980864063,2.12,1.8403361344537816,9,0.1125581361491732,0.02,,
2026-08-13T14:50:13+00:00,2026-08-13 00:00:00,PHI,MIN,0.5259410761038844,0.5024072220630849,1.9615384615384617,1.970873786407767,9,0.0235338540407995,0.008229948812981,,
2026-08-13T14:50:13+00:00,2026-08-13 00:00:00,SEA,NYA,0.5690999597638189,0.5706558741763135,1.72992700729927,2.3,9,-0.0015559144124945,0.0,,
2026-08-13T14:50:13+00:00,2026-08-13 00:00:00,BOS,TOR,0.5275709076379741,0.4082317089252046,2.42,1.6578947368421053,9,0.1193391987127694,0.02,,
2026-08-13T14:50:13+00:00,2026-08-13 00:00:00,CHN,WAS,0.476893750626767,0.4231490036505614,2.3600000000000003,1.704225352112676,9,0.0537447469762055,0.02,,
2026-08-14T14:43:53+00:00,2026-08-14 00:00:00,ARI,ATL,0.5413905831040401,0.649319060137961,1.5154639175257731,2.8200000000000003,7,-0.1079284770339209,0.02,,
2026-08-14T14:43:53+00:00,2026-08-14 00:00:00,SLN,CHN,0.4513418497085577,0.6244560213764132,1.5813953488372094,2.67,9,-0.1731141716678555,0.02,,
2026-08-14T14:43:53+00:00,2026-08-14 00:00:00,MIA,CIN,0.5252975259349423,0.5178354767873715,1.8928571428571428,2.04,9,0.0074620491475707,0.0,,
2026-08-14T14:43:53+00:00,2026-08-14 00:00:00,SDN,CLE,0.4325837757038479,0.548700985248894,1.7936507936507935,2.19,9,-0.116117209545046,0.02,,
2026-08-14T14:43:53+00:00,2026-08-14 00:00:00,CHA,DET,0.5445203811194754,0.5778046473488806,1.7142857142857144,2.33,9,-0.0332842662294051,0.0115164496224853,,
2026-08-14T14:43:53+00:00,2026-08-14 00:00:00,WAS,NYN,0.5744454864894379,0.5240475074920434,1.8849557522123888,2.06,9,0.0503979789973945,0.02,,
2026-08-14T14:43:53+00:00,2026-08-14 00:00:00,BOS,PIT,0.5215494914830244,0.4636263994023605,2.12,1.8403361344537816,9,0.0579230920806638,0.02,,
2026-08-14T14:43:53+00:00,2026-08-14 00:00:00,BAL,TBA,0.5605741283816942,0.6043030122443179,1.625,2.5,7,-0.0437288838626237,0.0164274465076274,,
2026-08-14T14:43:53+00:00,2026-08-14 00:00:00,NYA,TOR,0.5107732374169722,0.4220513096563045,2.3200000000000003,1.7142857142857144,9,0.0887219277606676,0.02,,
2026-08-15T14:11:59+00:00,2026-08-15 00:00:00,ARI,ATL,0.5486293351467352,0.5595358681236143,1.7575757575757576,2.25,9,-0.0109065329768791,0.0,,
2026-08-15T14:11:59+00:00,2026-08-15 00:00:00,SLN,CHN,0.530388021723974,0.6183427888394841,1.5847953216374269,2.59,9,-0.08795476711551,0.02,,
2026-08-15T14:11:59+00:00,2026-08-15 00:00:00,MIA,CIN,0.5412488333144744,0.5051337250338683,1.9523809523809523,2.02,9,0.036115108280606,0.0148900270736681,,
2026-08-15T14:11:59+00:00,2026-08-15 00:00:00,SDN,CLE,0.4739516261314215,0.527886930969043,1.862068965517241,2.1,7,-0.0539353048376214,0.02,,
2026-08-15T14:11:59+00:00,2026-08-15 00:00:00,CHA,DET,0.5435291978373131,0.5663155455856834,1.7462686567164178,2.3,9,-0.0227863477483702,0.0095928548027268,,
2026-08-15T14:11:59+00:00,2026-08-15 00:00:00,SEA,HOU,0.5734727267786413,0.5308637025633072,1.862068965517241,2.1100000000000003,9,0.042609024215334,0.0196752724604662,,
2026-08-15T14:11:59+00:00,2026-08-15 00:00:00,MIL,LAN,0.5564514333396283,0.460866226887292,2.14,1.826446280991736,9,0.0955852064523362,0.02,,
2026-08-15T14:11:59+00:00,2026-08-15 00:00:00,PHI,MIN,0.5231584628948898,0.4243532268763222,2.31,1.7142857142857144,9,0.0988052360185675,0.02,,
2026-08-15T14:11:59+00:00,2026-08-15 00:00:00,WAS,NYN,0.5144871220111616,0.5627127453628178,1.7462686567164178,2.26,9,-0.0482256233516561,0.0192974413203917,,
2026-08-15T14:11:59+00:00,2026-08-15 00:00:00,BOS,PIT,0.5400048522571681,0.4629205893802133,2.12,1.8333333333333333,9,0.0770842628769548,0.02,,
2026-08-15T14:11:59+00:00,2026-08-15 00:00:00,COL,SFN,0.5144175698848538,0.6095516172599288,1.617283950617284,2.56,9,-0.095134047375075,0.02,,
2026-08-15T14:11:59+00:00,2026-08-15 00:00:00,BAL,TBA,0.5510359740964099,0.5743563055086526,1.7092198581560285,2.3600000000000003,9,-0.0233203314122426,0.0109476288846457,,
2026-08-15T14:11:59+00:00,2026-08-15 00:00:00,NYA,TOR,0.5300734833518793,0.3906331019460543,2.53,1.6134969325153374,9,0.139440381405825,0.02,,
2026-08-16T14:12:34+00:00,2026-08-16 00:00:00,KCA,ANA,0.5320936104781195,0.483788096057925,2.04,1.925925925925926,9,0.0483055144201945,0.02,,
2026-08-16T14:12:34+00:00,2026-08-16 00:00:00,ARI,ATL,0.5274566774408149,0.5371154353353295,1.819672131147541,2.14,9,-0.0096587578945145,0.0,,
2026-08-16T14:12:34+00:00,2026-08-16 00:00:00,SLN,CHN,0.5279264311846829,0.6172754232259033,1.5813953488372094,2.62,9,-0.0893489920412204,0.02,,
2026-08-16T14:12:34+00:00,2026-08-16 00:00:00,MIA,CIN,0.5221424789883884,0.4696289900282833,2.1,1.847457627118644,9,0.0525134889601051,0.02,,
2026-08-16T14:12:34+00:00,2026-08-16 00:00:00,SDN,CLE,0.4904360841616476,0.4908869930218886,2.01,1.9433962264150944,9,-0.0004509088602409,0.0,,
2026-08-16T14:12:34+00:00,2026-08-16 00:00:00,CHA,DET,0.5237139436337518,0.5099772396901686,1.9345794392523368,2.02,9,0.0137367039435831,0.0,,
2026-08-16T14:12:34+00:00,2026-08-16 00:00:00,SEA,HOU,0.5538740342617771,0.5268018401779718,1.862068965517241,2.08,9,0.0270721940838052,0.0090919785013596,,
2026-08-16T14:12:34+00:00,2026-08-16 00:00:00,MIL,LAN,0.5477280995626854,0.6247079711029484,1.5714285714285714,2.66,9,-0.0769798715402629,0.02,,
2026-08-16T14:12:34+00:00,2026-08-16 00:00:00,PHI,MIN,0.5217200846352378,0.4960780112660545,2.0,1.9523809523809523,9,0.0256420733691832,0.0108600423176188,,
2026-08-16T14:12:34+00:00,2026-08-16 00:00:00,WAS,NYN,0.5168390837372073,0.6039300199099112,1.6289308176100628,2.5,9,-0.0870909361727039,0.02,,
2026-08-16T14:12:34+00:00,2026-08-16 00:00:00,TEX,OAK,0.5012155905767764,0.4463940909100027,2.22,1.7751937984496124,9,0.0548214996667736,0.02,,
2026-08-16T14:12:34+00:00,2026-08-16 00:00:00,BOS,PIT,0.5343041844625028,0.4850383575620794,2.03,1.9174311926605505,9,0.0492658269004233,0.02,,
2026-08-16T14:12:34+00:00,2026-08-16 00:00:00,COL,SFN,0.5164025219035383,0.5505278194890281,1.7936507936507935,2.23,9,-0.0341252975854897,0.0159395073485995,,
2026-08-16T14:12:34+00:00,2026-08-16 00:00:00,BAL,TBA,0.5479661563802697,0.5697628393358111,1.7246376811594204,2.31,9,-0.0217966829555413,0.0084347669392322,,
2026-08-16T14:12:34+00:00,2026-08-16 00:00:00,NYA,TOR,0.5285310191893572,0.5324677466659801,1.847457627118644,2.1100000000000003,9,-0.0039367274766228,0.0,,
2026-08-17T14:17:10+00:00,2026-08-17 00:00:00,ARI,BOS,0.5232385736482199,0.5696462550590231,1.7246376811594204,2.31,9,-0.0464076814108032,0.0193356669604221,,
2026-08-17T14:17:10+00:00,2026-08-17 00:00:00,SLN,CIN,0.4900987919417576,0.4804176152915016,2.06,1.9090909090909087,9,0.009681176650256,0.0,,
2026-08-17T14:17:10+00:00,2026-08-17 00:00:00,SLN,CIN,0.4900987919417576,0.4691120028701008,2.1100000000000003,1.862068965517241,9,0.0209867890716568,0.0076820835579073,,
2026-08-17T14:17:10+00:00,2026-08-17 00:00:00,SLN,CIN,0.488467759175378,0.4804176152915016,2.06,1.9090909090909087,9,0.0080501438838764,0.0,,
2026-08-17T14:17:10+00:00,2026-08-17 00:00:00,SLN,CIN,0.488467759175378,0.4691120028701008,2.1100000000000003,1.862068965517241,9,0.0193557563052772,0.0,,
2026-08-17T14:17:10+00:00,2026-08-17 00:00:00,OAK,KCA,0.5233391229591864,0.6372952670663806,1.5494505494505495,2.74,9,-0.1139561441071942,0.02,,
2026-08-17T14:17:10+00:00,2026-08-17 00:00:00,ATL,MIN,0.5215510204881492,0.4592038544132076,2.16,1.8333333333333333,9,0.0623471660749415,0.02,,
2026-08-17T14:17:10+00:00,2026-08-17 00:00:00,SDN,NYN,0.4774116606279915,0.5256959431875567,1.8771929824561404,2.08,9,-0.0482842825595651,0.02,,
2026-08-17T14:17:10+00:00,2026-08-17 00:00:00,MIA,PHI,0.5126658433061162,0.6875358626751594,1.4291845493562232,3.25,9,-0.1748700193690432,0.02,,
2026-08-17T14:17:10+00:00,2026-08-17 00:00:00,DET,PIT,0.5191666271946693,0.4899482202956721,2.02,1.925925925925926,9,0.0292184068989971,0.0119403399346156,,
2026-08-17T14:17:10+00:00,2026-08-17 00:00:00,BAL,TBA,0.5339504809696042,0.5977454609519718,1.6329113924050631,2.47,9,-0.0637949799823676,0.02,,
2026-08-18T14:21:53+00:00,2026-08-18 00:00:00,NYA,BAL,0.4560853759279241,0.4852952947674451,2.04,1.9433962264150944,9,-0.0292099188395209,0.015116031397119,,
2026-08-18T14:21:53+00:00,2026-08-18 00:00:00,ARI,BOS,0.5276111764103113,0.6076458604596374,1.606060606060606,2.53,9,-0.0800346840493261,0.02,,
2026-08-18T14:21:53+00:00,2026-08-18 00:00:00,SLN,CIN,0.5053816170412332,0.4763984177998718,2.0700000000000003,1.8928571428571428,9,0.0289831992413613,0.0107803615129329,,
2026-08-18T14:21:53+00:00,2026-08-18 00:00:00,SFN,CLE,0.5414461679313414,0.6372334598808795,1.5494505494505495,2.73,9,-0.0957872919495381,0.02,,
2026-08-18T14:21:53+00:00,2026-08-18 00:00:00,OAK,KCA,0.5189385589968792,0.5729517478828825,1.7142857142857144,2.3600000000000003,9,-0.0540131888860032,0.02,,
2026-08-18T14:21:53+00:00,2026-08-18 00:00:00,SEA,MIL,0.5672570359664634,0.5862876848792562,1.6896551724137931,2.4,9,-0.0190306489127928,0.0,,
2026-08-18T14:21:53+00:00,2026-08-18 00:00:00,ATL,MIN,0.5370755707476362,0.4583722614702549,2.16,1.819672131147541,9,0.0787033092773812,0.02,,
2026-08-18T14:21:53+00:00,2026-08-18 00:00:00,SDN,NYN,0.4916246162584297,0.4867478942499069,2.04,1.9174311926605505,9,0.0048767220085227,0.0,,
2026-08-18T14:21:53+00:00,2026-08-18 00:00:00,MIA,PHI,0.5175003748607258,0.6673813566948792,1.4761904761904765,3.0,9,-0.1498809818341534,0.02,,
2026-08-18T14:21:53+00:00,2026-08-18 00:00:00,DET,PIT,0.518861146867143,0.5698945571811579,1.7246376811594204,2.34,9,-0.0510334103140148,0.02,,
2026-08-18T14:21:53+00:00,2026-08-18 00:00:00,TOR,TBA,0.4463794962104243,0.552730293789486,1.7936507936507935,2.2,9,-0.1063507975790617,0.02,,
2026-08-19T14:22:37+00:00,2026-08-19 00:00:00,NYA,BAL,0.5082230557515297,0.469638402364959,2.08,1.862068965517241,9,0.0385846533865706,0.0132185083248106,,
2026-08-19T14:22:37+00:00,2026-08-19 00:00:00,ARI,BOS,0.5483006579469106,0.6004746185291749,1.6329113924050631,2.5,9,-0.0521739605822643,0.02,,
2026-08-19T14:22:37+00:00,2026-08-19 00:00:00,CHA,CHN,0.5262566172061468,0.5708380484968405,1.7142857142857144,2.31,9,-0.0445814312906936,0.0180051935598856,,
2026-08-19T14:22:37+00:00,2026-08-19 00:00:00,SLN,CIN,0.4895790021263854,0.5776750867534848,1.7142857142857144,2.3600000000000003,9,-0.0880960846270993,0.02,,
2026-08-19T14:22:37+00:00,2026-08-19 00:00:00,SFN,CLE,0.5484403015131153,0.6620684173652427,1.4761904761904765,3.0,9,-0.1136281158521274,0.02,,
2026-08-19T14:22:37+00:00,2026-08-19 00:00:00,OAK,KCA,0.5188999648944195,0.5724330027844193,1.7092198581560285,2.3200000000000003,8,-0.0535330378899998,0.02,,
2026-08-19T14:22:37+00:00,2026-08-19 00:00:00,SEA,MIL,0.5767773804457238,0.5345649205757839,1.847457627118644,2.14,9,0.0422124598699399,0.0193436723429194,,
2026-08-19T14:22:37+00:00,2026-08-19 00:00:00,ATL,MIN,0.5405468891063024,0.4890658640684789,2.03,1.9615384615384617,9,0.0514810250378235,0.02,,
2026-08-19T14:22:37+00:00,2026-08-19 00:00:00,SDN,NYN,0.4695461199239684,0.435466876644102,2.26,1.7575757575757576,9,0.0340792432798663,0.0121377442516207,,
2026-08-19T14:22:37+00:00,2026-08-19 00:00:00,MIA,PHI,0.5177032922496128,0.5409083330958141,1.819672131147541,2.18,9,-0.0232050408462013,0.0108912760372551,,
2026-08-19T14:22:37+00:00,2026-08-19 00:00:00,DET,PIT,0.5206352998983551,0.5934060891811233,1.6493506493506491,2.43,9,-0.0727707892827681,0.02,,
2026-08-19T14:22:37+00:00,2026-08-19 00:00:00,TOR,TBA,0.5130136513993829,0.6470481303730496,1.5181347150259068,2.8200000000000003,9,-0.1340344789736667,0.02,,
2026-08-20T14:24:48+00:00,2026-08-20 00:00:00,NYA,BAL,0.5060411244446028,0.4689797886836741,2.1100000000000003,1.847457627118644,9,0.0370613357609286,0.0152582821121874,,
2026-08-20T14:24:48+00:00,2026-08-20 00:00:00,ATL,CHA,0.5446009726659384,0.4954449917428298,1.9803921568627447,1.9523809523809523,9,0.0491559809231085,0.02,,
2026-08-20T14:24:48+00:00,2026-08-20 00:00:00,SLN,CIN,0.5060465091444982,0.4927739263172334,2.0,1.9433962264150944,9,0.0132725828272647,0.0,,
2026-08-20T14:24:48+00:00,2026-08-20 00:00:00,SFN,CLE,0.5455559216562417,0.6436248012477727,1.5434782608695652,2.8,9,-0.0980688795915309,0.02,,
2026-08-20T14:24:48+00:00,2026-08-20 00:00:00,OAK,KCA,0.5332123097469227,0.5608284915252904,1.7462686567164178,2.26,9,-0.0276161817783676,0.0109008293595148,,
2026-08-20T14:24:48+00:00,2026-08-20 00:00:00,SEA,MIL,0.5651768207491913,0.5485722107119038,1.806451612903225,2.19,9,0.0166046100372875,0.0,,
2026-08-20T14:24:48+00:00,2026-08-20 00:00:00,TOR,TBA,0.5360838258503264,0.6014291716440945,1.6329113924050631,2.5,9,-0.065345345793768,0.02,,
2026-08-21T14:23:33+00:00,2026-08-21 00:00:00,TBA,BAL,0.5168970669147485,0.5436507565570654,1.819672131147541,2.16,9,-0.0267536896423169,0.0093755033327895,,
2026-08-21T14:23:33+00:00,2026-08-21 00:00:00,SFN,BOS,0.6291426850262299,0.6197496332442097,1.5952380952380951,2.6,9,0.0093930517820202,0.0,,
2026-08-21T14:23:33+00:00,2026-08-21 00:00:00,NYN,CHA,0.4278609018017901,0.5713936733838028,1.7142857142857144,2.31,9,-0.1435327715820126,0.02,,
2026-08-21T14:23:33+00:00,2026-08-21 00:00:00,WAS,MIA,0.622091068634497,0.5772553130035425,1.704225352112676,2.3600000000000003,9,0.0448357556309545,0.02,,
2026-08-21T14:23:33+00:00,2026-08-21 00:00:00,ATL,MIL,0.5572378505389668,0.5685994799225778,1.7246376811594204,2.31,9,-0.0113616293836109,0.0,,
2026-08-21T14:23:33+00:00,2026-08-21 00:00:00,TOR,NYA,0.5085642416097548,0.6549649571611855,1.5,2.95,9,-0.1464007155514307,0.02,,
2026-08-21T14:23:33+00:00,2026-08-21 00:00:00,SLN,PHI,0.5761078441193788,0.6609358274654198,1.4761904761904765,2.98,9,-0.084827983346041,0.02,,
2026-08-22T14:10:55+00:00,2026-08-22 00:00:00,TBA,BAL,0.5307785587885373,0.4584512683538638,2.16,1.819672131147541,9,0.0723272904346734,0.02,,
2026-08-22T14:10:55+00:00,2026-08-22 00:00:00,SFN,BOS,0.5687438447081562,0.6537186386170076,1.5128205128205128,2.89,9,-0.0849747939088514,0.02,,
2026-08-22T14:10:55+00:00,2026-08-22 00:00:00,NYN,CHA,0.5222675946181401,0.5094546555257706,1.925925925925926,2.02,9,0.0128129390923694,0.0,,
2026-08-22T14:10:55+00:00,2026-08-22 00:00:00,OAK,HOU,0.5745914911867439,0.683915222589838,1.4310344827586206,3.15,9,-0.109323731403094,0.02,,
2026-08-22T14:10:55+00:00,2026-08-22 00:00:00,DET,KCA,0.5376919939016892,0.5016505022552498,1.9615384615384617,2.0,9,0.0360414916464394,0.0142229168898614,,
2026-08-22T14:10:55+00:00,2026-08-22 00:00:00,PIT,LAN,0.5559285989138073,0.6969422559078108,1.4,3.33,9,-0.1410136569940034,0.02,,
2026-08-22T14:10:55+00:00,2026-08-22 00:00:00,WAS,MIA,0.5702022579906676,0.621704186532918,1.5714285714285714,2.64,9,-0.0515019285422504,0.02,,
2026-08-22T14:10:55+00:00,2026-08-22 00:00:00,ATL,MIL,0.568577119318366,0.599999313706661,1.641025641025641,2.5,9,-0.031422194388295,0.0130928669506808,,
2026-08-22T14:10:55+00:00,2026-08-22 00:00:00,TOR,NYA,0.5332120049666838,0.4991341416381647,1.9615384615384617,1.9615384615384617,9,0.034077863328519,0.0119381225330087,,
2026-08-22T14:10:55+00:00,2026-08-22 00:00:00,SLN,PHI,0.5271821567706506,0.5787516362122599,1.6944444444444444,2.37,9,-0.0515694794416092,0.02,,
2026-08-22T14:10:55+00:00,2026-08-22 00:00:00,CHN,SEA,0.5160287561493055,0.5196453995278393,1.8928571428571428,2.04,9,-0.0036166433785337,0.0,,
2026-08-22T14:10:55+00:00,2026-08-22 00:00:00,ANA,TEX,0.5171047273314425,0.6091302005321598,1.6097560975609757,2.53,9,-0.0920254732007173,0.02,,
2026-08-23T14:12:55+00:00,2026-08-23 00:00:00,CIN,ARI,0.5470922341119001,0.5519699314282178,1.78125,2.2,9,-0.0048776973163177,0.0,,
2026-08-23T14:12:55+00:00,2026-08-23 00:00:00,TBA,BAL,0.556602770694182,0.4999732977242125,1.9803921568627447,1.9615384615384617,9,0.0566294729699694,0.02,,
2026-08-23T14:12:55+00:00,2026-08-23 00:00:00,SFN,BOS,0.565772472731248,0.6583724906173304,1.4854368932038835,2.94,9,-0.0926000178860824,0.02,,
2026-08-23T14:12:55+00:00,2026-08-23 00:00:00,NYN,CHA,0.5157404063590895,0.4965812296834881,1.9803921568627447,1.9523809523809523,9,0.0191591766756012,0.0,,
2026-08-23T14:12:55+00:00,2026-08-23 00:00:00,CLE,COL,0.4827234375683972,0.3930594595596873,2.52,1.6134969325153374,9,0.0896639780087098,0.02,,
2026-08-23T14:12:55+00:00,2026-08-23 00:00:00,OAK,HOU,0.553115123973361,0.6217307679220503,1.5847953216374269,2.63,9,-0.0686156439486892,0.02,,
2026-08-23T14:12:55+00:00,2026-08-23 00:00:00,DET,KCA,0.5567238376582103,0.4877564408290918,2.04,1.925925925925926,9,0.0689673968291185,0.02,,
2026-08-23T14:12:55+00:00,2026-08-23 00:00:00,PIT,LAN,0.5554529170757214,0.7150307138399346,1.3703703703703702,3.55,9,-0.1595777967642131,0.02,,
2026-08-23T14:12:55+00:00,2026-08-23 00:00:00,WAS,MIA,0.5732235264378901,0.5936425588326596,1.6493506493506491,2.43,9,-0.0204190323947695,0.0064802151671201,,
2026-08-23T14:12:55+00:00,2026-08-23 00:00:00,ATL,MIL,0.5919973007752102,0.5372384169582661,1.819672131147541,2.14,9,0.054758883816944,0.02,,
2026-08-23T14:12:55+00:00,2026-08-23 00:00:00,TOR,NYA,0.5293706390361416,0.5605072945847352,1.7462686567164178,2.25,9,-0.0311366555485936,0.0117832124337363,,
2026-08-23T14:12:55+00:00,2026-08-23 00:00:00,SLN,PHI,0.543068654564673,0.6658081940863869,1.4651162790697674,3.0,9,-0.1227395395217139,0.02,,
2026-08-23T14:12:55+00:00,2026-08-23 00:00:00,MIN,SDN,0.5529506537711545,0.5619816333758461,1.7462686567164178,2.26,9,-0.0090309796046915,0.0,,
2026-08-23T14:12:55+00:00,2026-08-23 00:00:00,CHN,SEA,0.539538256649444,0.4820740430263565,2.05,1.9174311926605505,9,0.0574642136230874,0.02,,
2026-08-23T14:12:55+00:00,2026-08-23 00:00:00,ANA,TEX,0.506408959452038,0.5936839150231622,1.6493506493506491,2.43,9,-0.0872749555711241,0.02,,
2026-08-24T14:31:25+00:00,2026-08-24 00:00:00,TEX,CHA,0.5353744473414247,0.552635636118388,1.7936507936507935,2.2,9,-0.0172611887769632,0.0,,
2026-08-24T14:31:25+00:00,2026-08-24 00:00:00,TBA,DET,0.541991967520118,0.442046641984783,2.23,1.78125,9,0.0999453255353349,0.02,,
2026-08-24T14:31:25+00:00,2026-08-24 00:00:00,BOS,MIA,0.5019314108066028,0.4595721026550632,2.15,1.819672131147541,9,0.0423593081515395,0.0172070724422165,,
2026-08-24T14:31:25+00:00,2026-08-24 00:00:00,COL,WAS,0.5471974637333756,0.6314941484833921,1.5617977528089888,2.69,9,-0.0842966847500165,0.02,,
2026-08-25T14:34:09+00:00,2026-08-25 00:00:00,LAN,ATL,0.5120709871889799,0.4130323263536889,2.4,1.6756756756756757,9,0.0990386608352909,0.02,,
2026-08-25T14:34:09+00:00,2026-08-25 00:00:00,TEX,CHA,0.51971947972815,0.493991731217167,2.0,1.9523809523809523,9,0.0257277485109829,0.009859739864075,,
2026-08-25T14:34:09+00:00,2026-08-25 00:00:00,TBA,DET,0.5185321452632028,0.4543480696457824,2.16,1.8,9,0.0641840756174203,0.02,,
2026-08-25T14:34:09+00:00,2026-08-25 00:00:00,BOS,MIA,0.4988325811938588,0.3992020585832978,2.47,1.6329113924050631,9,0.0996305226105609,0.02,,
2026-08-25T14:34:09+00:00,2026-08-25 00:00:00,HOU,NYA,0.5616075987748199,0.5686491051750396,1.7246376811594204,2.31,9,-0.0070415064002197,0.0,,
2026-08-25T14:34:09+00:00,2026-08-25 00:00:00,MIL,NYN,0.475843459968198,0.3991588903108654,2.49,1.641025641025641,9,0.0766845696573326,0.02,,
2026-08-25T14:34:09+00:00,2026-08-25 00:00:00,BAL,SLN,0.5279974375116139,0.5451287842808764,1.806451612903225,2.16,9,-0.0171313467692625,0.0,,
2026-08-25T14:34:09+00:00,2026-08-25 00:00:00,KCA,TOR,0.4737891448591411,0.5420521886842106,1.806451612903225,2.16,9,-0.0682630438250694,0.02,,
2026-08-25T14:34:09+00:00,2026-08-25 00:00:00,COL,WAS,0.5634848214762913,0.5807300564353596,1.704225352112676,2.3600000000000003,9,-0.0172452349590682,0.0,,
2026-08-26T14:34:13+00:00,2026-08-26 00:00:00,CLE,ANA,0.45593455628824,0.4376935281855829,2.26,1.7462686567164178,9,0.018241028102657,0.0,,
2026-08-26T14:34:13+00:00,2026-08-26 00:00:00,CHN,ARI,0.5493761645883348,0.5029694165379839,1.9615384615384617,1.99009900990099,9,0.0464067480503509,0.02,,
2026-08-26T14:34:13+00:00,2026-08-26 00:00:00,LAN,ATL,0.5198400471609702,0.4540698623955557,2.16,1.806451612903225,9,0.0657701847654144,0.02,,
2026-08-26T14:34:13+00:00,2026-08-26 00:00:00,TEX,CHA,0.5188959419424272,0.5480417169908602,1.806451612903225,2.2,9,-0.029145775048433,0.0121726932763875,,
2026-08-26T14:34:13+00:00,2026-08-26 00:00:00,TBA,DET,0.5337846416082874,0.5230586569868056,1.8849557522123888,2.05,9,0.0107259846214817,0.0,,
2026-08-26T14:34:13+00:00,2026-08-26 00:00:00,BOS,MIA,0.4859177459980301,0.442292908274603,2.25,1.78125,9,0.0436248377234271,0.0186629856991135,,
2026-08-26T14:34:13+00:00,2026-08-26 00:00:00,HOU,NYA,0.5586804058816957,0.5386170184446636,1.8547008547008548,2.15,7,0.020063387437032,0.0105841201908198,,
2026-08-26T14:34:13+00:00,2026-08-26 00:00:00,MIL,NYN,0.5037053600745958,0.4071302672961471,2.43,1.6666666666666663,9,0.0965750927784486,0.02,,
2026-08-26T14:34:13+00:00,2026-08-26 00:00:00,PIT,SDN,0.535993462389629,0.5564059218517821,1.78125,2.25,9,-0.020412459462153,0.0088029419246669,,
2026-08-26T14:34:13+00:00,2026-08-26 00:00:00,PHI,SEA,0.4809794513892096,0.4524370255045284,2.19,1.819672131147541,9,0.0285424258846811,0.0112069324668842,,
2026-08-26T14:34:13+00:00,2026-08-26 00:00:00,CIN,SFN,0.5331289497498132,0.5044052586697011,1.9615384615384617,1.99009900990099,9,0.028723691080112,0.0118957643724047,,
2026-08-26T14:34:13+00:00,2026-08-26 00:00:00,BAL,SLN,0.5258884725087816,0.4970378508968446,1.99009900990099,1.9615384615384617,9,0.0288506216119369,0.0117589574356627,,
2026-08-26T14:34:13+00:00,2026-08-26 00:00:00,KCA,TOR,0.4644742957328053,0.5828874912932178,1.6849315068493151,2.38,9,-0.1184131955604124,0.02,,
2026-08-26T14:34:13+00:00,2026-08-26 00:00:00,COL,WAS,0.5580856441386657,0.5434497236074783,1.819672131147541,2.16,9,0.0146359205311873,0.0,,
2026-08-27T23:20:00+00:00,2026-08-27 00:00:00,LAN,ATL,0.5496004261989713,0.5432288665917434,1.8928571428571428,2.22,9,0.0063715596072279,0.0,,
2026-08-27T23:20:00+00:00,2026-08-27 00:00:00,HOU,NYA,0.5835032365974531,0.6183820226395409,1.6369426751592355,2.7,8,-0.0348787860420878,0.0183148913510112,,
2026-08-27T23:20:00+00:00,2026-08-27 00:00:00,MIL,NYN,0.4807931540376444,0.3100432005634693,4.29,1.526315789473684,9,0.1707499534741751,0.02,,
2026-08-27T23:20:00+00:00,2026-08-27 00:00:00,KCA,TOR,0.4666713644627753,0.3708062376373346,3.5,1.9433962264150944,9,0.0958651268254406,0.02,,
2026-08-28T23:16:11+00:00,2026-08-28 00:00:00,COL,ATL,0.5979056594468707,0.6681240686786291,1.4651162790697674,2.98,9,-0.0702184092317583,0.02,,
2026-08-28T23:16:11+00:00,2026-08-28 00:00:00,COL,ATL,0.5979056594468707,0.6636476508379476,1.4651162790697674,2.97,5,-0.0657419913910769,0.02,,
2026-08-28T23:16:11+00:00,2026-08-28 00:00:00,KCA,CLE,0.5390602863276891,0.5768140251480883,1.7751937984496124,2.4,9,-0.0377537388203992,0.0189741630024189,,
2026-08-28T23:16:11+00:00,2026-08-28 00:00:00,KCA,CLE,0.5390602863276891,0.587238857840967,1.6578947368421053,2.4,5,-0.0481785715132778,0.0189741630024189,,
2026-08-28T23:16:11+00:00,2026-08-28 00:00:00,LAN,DET,0.5722198296965942,0.4096493769353497,2.45,1.6493506493506491,6,0.1625704527612445,0.02,,
2026-08-28T23:16:11+00:00,2026-08-28 00:00:00,LAN,DET,0.5722198296965942,0.3794446382469407,2.6,1.5649717514124295,5,0.1927751914496535,0.02,,
2026-08-28T23:16:11+00:00,2026-08-28 00:00:00,TEX,MIL,0.4988598795377275,0.6561329533290791,1.5025125628140703,2.88,9,-0.1572730737913515,0.02,,
2026-08-28T23:16:11+00:00,2026-08-28 00:00:00,TEX,MIL,0.4988598795377275,0.5996179852306841,1.617283950617284,2.47,5,-0.1007581056929566,0.02,,
2026-08-28T23:16:11+00:00,2026-08-28 00:00:00,BOS,NYA,0.4516926359227248,0.587150885952966,1.6849315068493151,2.42,9,-0.1354582500302412,0.02,,
2026-08-28T23:16:11+00:00,2026-08-28 00:00:00,HOU,NYN,0.5236512178904372,0.5186352741896568,1.9433962264150944,2.1,9,0.0050159437007804,0.0,,
2026-08-28T23:16:11+00:00,2026-08-28 00:00:00,SDN,TBA,0.545260047785993,0.5602114153690755,1.819672131147541,2.35,9,-0.0149513675830824,0.0,,
2026-08-28T23:16:11+00:00,2026-08-28 00:00:00,SDN,TBA,0.545260047785993,0.5455826021132757,1.78125,2.16,5,-0.0003225543272826,0.0,,
2026-08-28T23:16:11+00:00,2026-08-28 00:00:00,SEA,TOR,0.4385069872636786,0.5759951141132426,1.7142857142857144,2.39,9,-0.1374881268495639,0.02,,
2026-08-28T23:16:11+00:00,2026-08-28 00:00:00,MIA,WAS,0.4470593208247683,0.3692167801924674,3.35,1.5847953216374269,6,0.0778425406323009,0.02,,
2026-08-28T23:16:11+00:00,2026-08-28 00:00:00,MIA,WAS,0.4470593208247683,0.5007801609263683,1.9803921568627447,1.9615384615384617,5,-0.0537208401016,0.02,,
2026-08-29T17:26:26+00:00,2026-08-29 00:00:00,COL,ATL,0.6011665416147898,0.6735648697797795,1.4545454545454546,3.06,9,-0.0723983281649897,0.02,,
2026-08-29T17:26:26+00:00,2026-08-29 00:00:00,CIN,CHN,0.5664154267059126,0.6576865917928783,1.5,2.9,9,-0.0912711650869656,0.02,,
2026-08-29T17:26:26+00:00,2026-08-29 00:00:00,KCA,CLE,0.4690775240177215,0.5997846126543739,1.6369426751592355,2.5,9,-0.1307070886366523,0.02,,
2026-08-29T17:26:26+00:00,2026-08-29 00:00:00,LAN,DET,0.48873083709077,0.3968047910285314,2.65,1.6849315068493151,8,0.0919260460622385,0.02,,
2026-08-29T17:26:26+00:00,2026-08-29 00:00:00,TEX,MIL,0.570744333521415,0.5997114554027572,1.641025641025641,2.5,9,-0.0289671218813422,0.0121898610327437,,
2026-08-29T17:26:26+00:00,2026-08-29 00:00:00,CHA,MIN,0.50488465056866,0.5104631256224319,1.925925925925926,2.01,9,-0.0055784750537718,0.0,,
2026-08-29T17:26:26+00:00,2026-08-29 00:00:00,BOS,NYA,0.5219132080842674,0.3793134093021634,2.6,1.5714285714285714,6,0.142599798782104,0.02,,
2026-08-29T17:26:26+00:00,2026-08-29 00:00:00,BOS,NYA,0.5219132080842674,0.5479539970852844,1.7936507936507935,2.19,7,-0.0260407890010169,0.0098760660284567,,
2026-08-29T17:26:26+00:00,2026-08-29 00:00:00,BOS,NYA,0.5216586157945089,0.3793134093021634,2.6,1.5714285714285714,6,0.1423452064923454,0.02,,
2026-08-29T17:26:26+00:00,2026-08-29 00:00:00,BOS,NYA,0.5216586157945089,0.5479539970852844,1.7936507936507935,2.19,7,-0.0262953812907754,0.0099931998760557,,
2026-08-29T17:26:26+00:00,2026-08-29 00:00:00,HOU,NYN,0.5079580946859499,0.5700135129539011,1.7246376811594204,2.3200000000000003,9,-0.0620554182679512,0.02,,
2026-08-29T17:26:26+00:00,2026-08-29 00:00:00,ARI,SFN,0.4813061081636065,0.4959029884173815,1.99009900990099,1.9615384615384617,9,-0.0145968802537749,0.0,,
2026-08-29T17:26:26+00:00,2026-08-29 00:00:00,ARI,SFN,0.4813061081636065,0.4674949261356704,2.1100000000000003,1.847457627118644,7,0.013811182027936,0.0,,
2026-08-29T17:26:26+00:00,2026-08-29 00:00:00,PIT,SLN,0.5429895383543033,0.5331073067808496,1.8403361344537816,2.1100000000000003,9,0.0098822315734536,0.0,,
2026-08-29T17:26:26+00:00,2026-08-29 00:00:00,SDN,TBA,0.5635383553400353,0.5476676122456358,1.8,2.19,9,0.0158707430943995,0.0,,
2026-08-29T17:26:26+00:00,2026-08-29 00:00:00,SEA,TOR,0.5221774023213972,0.5074857507492954,1.9523809523809523,2.0,9,0.0146916515721018,0.0,,
2026-08-29T17:26:26+00:00,2026-08-29 00:00:00,MIA,WAS,0.5304925952436077,0.4994752583171686,2.01,1.9803921568627447,9,0.0310173369264391,0.01640844466328,,
2026-08-30T17:50:06+00:00,2026-08-30 00:00:00,PHI,ANA,0.4315834361384948,0.3835507515891742,2.63,1.598802395209581,9,0.0480326845493206,0.02,,
2026-08-30T17:50:06+00:00,2026-08-30 00:00:00,COL,ATL,0.6115384753977721,0.7002672614752921,1.4385964912280702,3.5,9,-0.08872878607752,0.02,,
2026-08-30T17:50:06+00:00,2026-08-30 00:00:00,CIN,CHN,0.5786480522624504,0.5914551546861663,1.6756756756756757,2.43,9,-0.0128071024237158,0.0,,
2026-08-30T17:50:06+00:00,2026-08-30 00:00:00,KCA,CLE,0.4623467110157451,0.6282264540377924,1.5617977528089888,2.69,9,-0.1658797430220472,0.02,,
2026-08-30T17:50:06+00:00,2026-08-30 00:00:00,LAN,DET,0.5052383757720468,0.4111411004432816,2.4,1.6756756756756757,9,0.0940972753287651,0.02,,
2026-08-30T17:50:06+00:00,2026-08-30 00:00:00,TEX,MIL,0.600869476713053,0.5976690478368444,1.6493506493506491,2.47,9,0.0032004288762086,0.0,,
2026-08-30T17:50:06+00:00,2026-08-30 00:00:00,CHA,MIN,0.4886095597618503,0.5211293435159405,1.8849557522123888,2.05,9,-0.0325197837540902,0.0115120005924302,,
2026-08-30T17:50:06+00:00,2026-08-30 00:00:00,BOS,NYA,0.5453206453577094,0.4323069160216546,2.31,1.7751937984496124,9,0.1130137293360548,0.02,,
2026-08-30T17:50:06+00:00,2026-08-30 00:00:00,HOU,NYN,0.504295090041599,0.5321761490833705,1.8403361344537816,2.1100000000000003,9,-0.0278810590417715,0.0103462522550059,,
2026-08-30T17:50:06+00:00,2026-08-30 00:00:00,BAL,OAK,0.4589925435111647,0.4198409523535241,2.37,1.6944444444444444,9,0.0391515911576406,0.0160241474674197,,
2026-08-30T17:50:06+00:00,2026-08-30 00:00:00,PIT,SLN,0.5310226626741789,0.4630910511299042,2.1100000000000003,1.8403361344537816,9,0.0679316115442746,0.02,,
2026-08-30T17:50:06+00:00,2026-08-30 00:00:00,SDN,TBA,0.5768327384870245,0.6171219950444072,1.6622516556291391,2.65,9,-0.0402892565573826,0.0183929156074825,,
2026-08-30T17:50:06+00:00,2026-08-30 00:00:00,SEA,TOR,0.5220914608683327,0.4829148821039662,2.26,2.05,9,0.0391765787643664,0.02,,
2026-08-30T17:50:06+00:00,2026-08-30 00:00:00,MIA,WAS,0.5307516207319861,0.7379934780834428,1.3496503496503496,4.1,6,-0.2072418573514567,0.02,,
2026-08-31T19:44:46+00:00,2026-08-31 00:00:00,SFN,ATL,0.5418871502617534,0.6444446452985342,1.526315789473684,2.79,9,-0.1025574950367808,0.02,,
2026-08-31T19:44:46+00:00,2026-08-31 00:00:00,SEA,BOS,0.5620712269763134,0.5930092095402136,1.6493506493506491,2.43,9,-0.0309379825639002,0.0112179927355871,,
2026-08-31T19:44:46+00:00,2026-08-31 00:00:00,SEA,BOS,0.5620712269763134,0.5327882529617888,1.806451612903225,2.06,1,0.0292829740145246,0.0047598871067354,,
2026-08-31T19:44:46+00:00,2026-08-31 00:00:00,MIL,CHN,0.5339766092147257,0.5081800424967131,1.9345794392523368,2.01,9,0.0257965667180125,0.0088328952686205,,
2026-08-31T19:44:46+00:00,2026-08-31 00:00:00,MIL,CHN,0.5339766092147257,0.533408884339409,1.8333333333333333,2.09,4,0.0005677248753166,0.0,,
2026-08-31T19:44:46+00:00,2026-08-31 00:00:00,SDN,CIN,0.5288327431346268,0.4267965746231702,2.35,1.7462686567164178,9,0.1020361685114565,0.02,,
2026-08-31T19:44:46+00:00,2026-08-31 00:00:00,SDN,CIN,0.5288327431346268,0.4629885582915638,2.14,1.8333333333333333,5,0.0658441848430629,0.02,,
2026-08-31T19:44:46+00:00,2026-08-31 00:00:00,DET,MIN,0.5593662551663077,0.5304687200060914,1.862068965517241,2.1,9,0.0288975351602163,0.0120577777898061,,
2026-08-31T19:44:46+00:00,2026-08-31 00:00:00,DET,MIN,0.5593662551663077,0.4803957669073834,2.04,1.869565217391304,5,0.0789704882589242,0.02,,
2026-08-31T19:44:46+00:00,2026-08-31 00:00:00,NYN,TBA,0.5954438709950113,0.6289463298352231,1.5617977528089888,2.7,9,-0.0335024588402118,0.0135737571049219,,
2026-08-31T19:44:46+00:00,2026-08-31 00:00:00,NYN,TBA,0.5954438709950113,0.5445899472227375,1.7936507936507935,2.16,5,0.0508539237722738,0.02,,
2026-08-31T19:44:46+00:00,2026-08-31 00:00:00,MIA,WAS,0.5113827764665693,0.4977916056814299,1.9803921568627447,1.9615384615384617,9,0.0135911707851393,0.0,,
2026-09-01T17:30:20+00:00,2026-09-01 00:00:00,SEA,BOS,0.5574193060023497,0.5286043512253171,1.8547008547008548,2.08,9,0.0288149547770325,0.0098999735062747,,
2026-09-01T17:30:20+00:00,2026-09-01 00:00:00,MIL,CHN,0.5421377620615957,0.5367421369992192,1.826446280991736,2.1,9,0.0053956250623764,0.0,,
2026-09-01T17:30:20+00:00,2026-09-01 00:00:00,SDN,CIN,0.5188128198744917,0.4402151197056065,2.23,1.763358778625954,9,0.0785977001688851,0.02,,
2026-09-01T17:30:20+00:00,2026-09-01 00:00:00,SDN,CIN,0.5188128198744917,0.4328697133125177,2.22,1.6944444444444444,1,0.0859431065619739,0.02,,
2026-09-01T17:30:20+00:00,2026-09-01 00:00:00,TOR,CLE,0.5060451453600351,0.6205619056548803,1.5714285714285714,2.6,9,-0.1145167602948452,0.02,,
2026-09-01T17:30:20+00:00,2026-09-01 00:00:00,MIA,KCA,0.5472774017651351,0.5249918906928188,1.862068965517241,2.08,9,0.0222855110723162,0.0055297969531729,,
2026-09-01T17:30:20+00:00,2026-09-01 00:00:00,DET,MIN,0.5670638047474749,0.5036145975952215,1.9433962264150944,1.9803921568627447,9,0.0634492071522533,0.02,,
2026-09-01T17:30:20+00:00,2026-09-01 00:00:00,SFN,PIT,0.5669583294221233,0.6018103444203825,1.625,2.46,9,-0.0348520149982591,0.0111785119215028,,
2026-09-01T17:30:20+00:00,2026-09-01 00:00:00,NYN,TBA,0.5786140280645997,0.5577117799155672,1.7575757575757576,2.23,9,0.0209022481490325,0.0055961362774678,,
2026-09-01T17:30:20+00:00,2026-09-01 00:00:00,ATL,WAS,0.4878162733070355,0.3845473358391839,2.54,1.5847953216374269,9,0.1032689374678516,0.02,,
2026-09-02T17:29:45+00:00,2026-09-02 00:00:00,PHI,ARI,0.4924086259670832,0.4537476199070184,2.18,1.7874015748031495,9,0.0386610060600647,0.0155616111458138,,
2026-09-02T17:29:45+00:00,2026-09-02 00:00:00,SEA,BOS,0.5616806778535854,0.5586794074593501,1.7692307692307692,2.22,9,0.0030012703942353,0.0,,
2026-09-02T17:29:45+00:00,2026-09-02 00:00:00,MIL,CHN,0.5381314552564628,0.4085550301728125,2.4,1.6578947368421053,9,0.1295764250836503,0.02,,
2026-09-02T17:29:45+00:00,2026-09-02 00:00:00,MIL,CHN,0.5381314552564628,0.4889939836315692,2.0,1.9090909090909087,4,0.0491374716248935,0.0190657276282313,,
2026-09-02T17:29:45+00:00,2026-09-02 00:00:00,SDN,CIN,0.5291893554676352,0.5345868134005342,2.0,2.28,6,-0.0053974579328989,0.0,,
2026-09-02T17:29:45+00:00,2026-09-02 00:00:00,TOR,CLE,0.5259976454109341,0.4562825226041601,2.15,1.8130081300813008,9,0.0697151228067739,0.02,,
2026-09-02T17:29:45+00:00,2026-09-02 00:00:00,TOR,CLE,0.5259976454109341,0.5110060163684308,1.9090909090909087,2.0,4,0.0149916290425032,0.0,,
2026-09-02T17:29:45+00:00,2026-09-02 00:00:00,BAL,COL,0.4495391278454927,0.4016817130690305,2.48,1.6369426751592355,9,0.0478574147764621,0.0194015265298685,,
2026-09-02T17:29:45+00:00,2026-09-02 00:00:00,MIA,KCA,0.4990508180614723,0.5084475238548182,1.9174311926605505,1.99009900990099,9,-0.0093967057933458,0.0,,
2026-09-02T17:29:45+00:00,2026-09-02 00:00:00,MIA,KCA,0.4990508180614723,0.4635222472955388,2.1100000000000003,1.819672131147541,4,0.0355285707659334,0.0119363121868708,,
2026-09-02T17:29:45+00:00,2026-09-02 00:00:00,DET,MIN,0.5656790318800169,0.50739616799236,1.9433962264150944,1.99009900990099,9,0.0582828638876569,0.02,,
2026-09-02T17:29:45+00:00,2026-09-02 00:00:00,SFN,PIT,0.52741209537681,0.5809288908442146,1.6896551724137931,2.35,9,-0.0535167954674046,0.02,,
2026-09-02T17:29:45+00:00,2026-09-02 00:00:00,NYN,TBA,0.5866344550371891,0.6177491154874404,1.5714285714285714,2.58,9,-0.0311146604502512,0.0105194787981095,,
2026-09-02T17:29:45+00:00,2026-09-02 00:00:00,OAK,TEX,0.5463185587290844,0.5980151610413936,1.6329113924050631,2.48,9,-0.0516966023123092,0.02,,
2026-09-02T17:29:45+00:00,2026-09-02 00:00:00,ATL,WAS,0.4821433977969175,0.434607173263585,2.25,1.7518796992481205,6,0.0475362245333325,0.0169645290086129,,
2026-09-03T17:22:39+00:00,2026-09-03 00:00:00,BOS,BAL,0.5350077702248088,0.4685024375251772,2.08,1.8547008547008548,9,0.0665053326996316,0.02,,
2026-09-03T17:22:39+00:00,2026-09-03 00:00:00,MIL,CHN,0.5261895905564845,0.4862714270684941,2.01,1.900900900900901,9,0.0399181634879903,0.0142675933214192,,
2026-09-03T17:22:39+00:00,2026-09-03 00:00:00,TOR,CLE,0.5097491927532777,0.5563829215532099,1.9523809523809523,2.87,9,-0.0466337287999322,0.02,,
2026-09-03T17:22:39+00:00,2026-09-03 00:00:00,CHA,HOU,0.5119094393213193,0.5913283007217689,1.6493506493506491,2.39,9,-0.0794188614004496,0.02,,
2026-09-03T17:22:39+00:00,2026-09-03 00:00:00,MIA,KCA,0.5097912355071809,0.5163562019871358,1.8928571428571428,2.04,9,-0.0065649664799549,0.0,,
2026-09-03T17:22:39+00:00,2026-09-03 00:00:00,SFN,PIT,0.5107089547672272,0.7880098628822303,1.2,4.75,6,-0.2773009081150031,0.02,,
2026-09-04T17:15:00+00:00,2026-09-04 00:00:00,BOS,BAL,0.5331392008771191,0.4769141839982366,2.0700000000000003,1.869565217391304,9,0.0562250168788824,0.02,,
2026-09-04T17:15:00+00:00,2026-09-04 00:00:00,MIN,CHA,0.5012300971845746,0.5166630148988752,1.9090909090909087,2.02,9,-0.0154329177143006,0.0,,
2026-09-04T17:15:00+00:00,2026-09-04 00:00:00,MIL,CIN,0.5491456298093272,0.4073435610217,2.41,1.6493506493506491,9,0.1418020687876272,0.02,,
2026-09-04T17:15:00+00:00,2026-09-04 00:00:00,DET,CLE,0.5038316337084549,0.5384555421607494,1.826446280991736,2.12,9,-0.0346239084522945,0.0115796733343919,,
2026-09-04T17:15:00+00:00,2026-09-04 00:00:00,DET,CLE,0.5038316337084549,0.5601627977353234,1.7407407407407407,2.22,9,-0.0563311640268685,0.02,,
2026-09-04T17:15:00+00:00,2026-09-04 00:00:00,DET,CLE,0.5388763936841985,0.5384555421607494,1.826446280991736,2.12,9,0.000420851523449,0.0,,
2026-09-04T17:15:00+00:00,2026-09-04 00:00:00,DET,CLE,0.5388763936841985,0.5601627977353234,1.7407407407407407,2.22,9,-0.0212864040511249,0.0048554110698932,,
2026-09-04T17:15:00+00:00,2026-09-04 00:00:00,CHN,MIA,0.5431798528507381,0.4095925038997404,2.4,1.6578947368421053,9,0.1335873489509977,0.02,,
2026-09-04T17:15:00+00:00,2026-09-04 00:00:00,SFN,NYN,0.5548197383956401,0.6301379528333806,1.5464480874316942,2.65,9,-0.0753182144377404,0.02,,
2026-09-04T17:15:00+00:00,2026-09-04 00:00:00,ATL,PHI,0.5053201151215666,0.5141509383519068,1.9174311926605505,2.03,9,-0.0088308232303402,0.0,,
2026-09-04T17:15:00+00:00,2026-09-04 00:00:00,ANA,PIT,0.5269669588722484,0.6360989827226997,1.526315789473684,2.71,9,-0.1091320238504512,0.02,,
2026-09-05T16:22:48+00:00,2026-09-05 00:00:00,BOS,BAL,0.5309705338884924,0.4620976908073517,2.12,1.826446280991736,9,0.0688728430811406,0.02,,
2026-09-05T16:22:48+00:00,2026-09-05 00:00:00,MIN,CHA,0.549316560228418,0.5271334486401557,1.862068965517241,2.06,9,0.0221831115882623,0.0066309425233457,,
2026-09-05T16:22:48+00:00,2026-09-05 00:00:00,MIL,CIN,0.4817143070773548,0.4133423353471972,2.3600000000000003,1.6666666666666663,9,0.0683719717301576,0.02,,
2026-09-05T16:22:48+00:00,2026-09-05 00:00:00,DET,CLE,0.5560263735231991,0.587100142564948,1.6666666666666663,2.38,9,-0.0310737690417489,0.010263991125867,,
2026-09-05T16:22:48+00:00,2026-09-05 00:00:00,ARI,HOU,0.5260184660244115,0.5024949113782298,1.9523809523809523,1.970873786407767,9,0.0235235546461817,0.0070844638375108,,
2026-09-05T16:22:48+00:00,2026-09-05 00:00:00,TOR,KCA,0.4749368136195045,0.5009904220329408,1.9523809523809523,1.9523809523809523,9,-0.0260536084134362,0.0065948830200039,,
2026-09-05T16:22:48+00:00,2026-09-05 00:00:00,CHN,MIA,0.5385564204925208,0.4627937376486009,2.12,1.8333333333333333,9,0.0757626828439199,0.02,,
2026-09-05T16:22:48+00:00,2026-09-05 00:00:00,SFN,NYN,0.5247102094384519,0.5999226519481541,1.641025641025641,2.45,9,-0.0752124425097021,0.02,,
2026-09-05T16:22:48+00:00,2026-09-05 00:00:00,ATL,PHI,0.5048188603893281,0.5926162051406321,1.641025641025641,2.41,9,-0.0877973447513039,0.02,,
2026-09-05T16:22:48+00:00,2026-09-05 00:00:00,ANA,PIT,0.5780301361450024,0.624080798809232,1.5714285714285714,2.6,9,-0.0460506626642295,0.0151752571910927,,
2026-09-05T16:22:48+00:00,2026-09-05 00:00:00,NYA,SDN,0.5253240820724678,0.5398701053064473,1.806451612903225,2.14,9,-0.0145460232339794,0.0,,
2026-09-05T16:22:48+00:00,2026-09-05 00:00:00,TBA,TEX,0.5069618448096367,0.499631673215029,1.9523809523809523,1.9523809523809523,9,0.0073301715946076,0.0,,
2026-09-07T18:28:17+00:00,2026-09-07 00:00:00,CLE,BAL,0.5187259529104937,0.6869474015270808,1.4,3.1,6,-0.168221448616587,0.02,,
2026-09-07T18:28:17+00:00,2026-09-07 00:00:00,CLE,BAL,0.5187259529104937,0.5281539207741455,1.869565217391304,2.12,5,-0.0094279678636517,0.0,,
2026-09-07T18:28:17+00:00,2026-09-07 00:00:00,ANA,BOS,0.5912181726821677,0.9035145229255452,1.0555555555555556,10.25,6,-0.3122963502433775,0.02,,
2026-09-07T18:28:17+00:00,2026-09-07 00:00:00,ANA,BOS,0.5912181726821677,0.563917013377962,1.7462686567164178,2.27,6,0.0273011593042057,0.010862631019068,,
2026-09-07T18:28:17+00:00,2026-09-07 00:00:00,MIN,DET,0.5245620306882018,0.5303480295773211,1.847457627118644,2.09,9,-0.0057859988891192,0.0,,
2026-09-07T18:28:17+00:00,2026-09-07 00:00:00,MIN,DET,0.5245620306882018,0.5422580277599601,1.8130081300813008,2.16,5,-0.0176959970717582,0.0,,
2026-09-07T18:28:17+00:00,2026-09-07 00:00:00,ARI,KCA,0.4962497724931357,0.5276216999311285,2.0,2.06,6,-0.0313719274379927,0.0088975161943727,,
2026-09-07T18:28:17+00:00,2026-09-07 00:00:00,ARI,KCA,0.4962497724931357,0.4932221411394266,1.9803921568627447,1.925925925925926,4,0.003027631353709,0.0,,
2026-09-07T18:28:17+00:00,2026-09-07 00:00:00,NYN,MIA,0.53253251725776,0.3239346967758514,3.15,1.4444444444444444,6,0.2085978204819085,0.02,,
2026-09-07T18:28:17+00:00,2026-09-07 00:00:00,NYN,MIA,0.53253251725776,0.5521231026757437,1.7692307692307692,2.18,5,-0.0195905854179837,0.0,,
2026-09-07T18:28:17+00:00,2026-09-07 00:00:00,CHN,MIL,0.5774047286081474,0.5342759598457434,1.8130081300813008,2.1,6,0.043128768762404,0.0144031361990421,,
2026-09-07T18:28:17+00:00,2026-09-07 00:00:00,CHN,MIL,0.5774047286081474,0.6537021162825986,1.5,2.84,6,-0.0762973876744511,0.02,,
2026-09-07T18:28:17+00:00,2026-09-07 00:00:00,ATL,PHI,0.5177548934737464,0.5916048974218646,1.6493506493506491,2.55,6,-0.0738500039481182,0.02,,
2026-09-07T18:28:17+00:00,2026-09-07 00:00:00,WAS,SDN,0.5442930096469192,0.6408830597357564,1.5208333333333337,2.75,9,-0.0965900500888372,0.02,,
2026-09-08T17:39:11+00:00,2026-09-08 00:00:00,TBA,ATL,0.5219217951549032,0.5102663057017529,1.925925925925926,2.01,9,0.0116554894531503,0.0,,
2026-09-08T17:39:11+00:00,2026-09-08 00:00:00,CLE,BAL,0.5209677951141495,0.5252021545526365,1.869565217391304,2.05,9,-0.004234359438487,0.0,,
2026-09-08T17:39:11+00:00,2026-09-08 00:00:00,ANA,BOS,0.5996992551685876,0.5687113316943808,1.72992700729927,2.27,9,0.0309879234742067,0.0128218086873881,,
2026-09-08T17:39:11+00:00,2026-09-08 00:00:00,PIT,CHA,0.5287761940399662,0.5654181944501615,1.7407407407407407,2.25,9,-0.0366420004101952,0.0120507126820152,,
2026-09-08T17:39:11+00:00,2026-09-08 00:00:00,MIN,DET,0.5212444340496668,0.5560418172353813,1.763358778625954,2.21,9,-0.0347973831857144,0.011993760485586,,
2026-09-08T17:39:11+00:00,2026-09-08 00:00:00,ARI,KCA,0.4820390255041167,0.4782005151344284,2.08,1.8849557522123888,9,0.0038385103696883,0.0,,
2026-09-08T17:39:11+00:00,2026-09-08 00:00:00,NYN,MIA,0.520603782615335,0.5325094012471141,1.8333333333333333,2.09,9,-0.011905618631779,0.0,,
2026-09-08T17:39:11+00:00,2026-09-08 00:00:00,CHN,MIL,0.5894190889165237,0.6572586876239069,1.4854368932038835,2.85,9,-0.0678395987073832,0.02,,
2026-09-08T17:39:11+00:00,2026-09-08 00:00:00,COL,NYA,0.5938091275321613,0.739642184619235,1.3225806451612905,3.85,9,-0.1458330570870737,0.02,,
2026-09-08T17:39:11+00:00,2026-09-08 00:00:00,HOU,PHI,0.5109301982408386,0.5602300479752951,1.7575757575757576,2.2,9,-0.0492998497344564,0.0158236591396156,,
2026-09-09T17:24:41+00:00,2026-09-09 00:00:00,TBA,ATL,0.5539349404102845,0.5290426712178579,1.8547008547008548,2.0700000000000003,9,0.0248922691924265,0.0080097051725793,,
2026-09-09T17:24:41+00:00,2026-09-09 00:00:00,CLE,BAL,0.5095558477474909,0.4825607401002872,2.04,1.8928571428571428,9,0.0269951076472036,0.0094937330300195,,
2026-09-09T17:24:41+00:00,2026-09-09 00:00:00,ANA,BOS,0.5819140211221802,0.6548130572923152,1.4878048780487805,2.85,9,-0.072899036170135,0.02,,
2026-09-09T17:24:41+00:00,2026-09-09 00:00:00,PIT,CHA,0.5172635133037818,0.5549999022374189,1.7692307692307692,2.23,9,-0.037736388933637,0.0155492612464566,,
2026-09-09T17:24:41+00:00,2026-09-09 00:00:00,MIN,DET,0.5103854331922767,0.5314793780316558,1.8547008547008548,2.09,9,-0.021093944839379,0.0053427625293902,,
2026-09-09T17:24:41+00:00,2026-09-09 00:00:00,ARI,KCA,0.4843837706675981,0.4785199591732784,2.06,1.869565217391304,9,0.0058638114943196,0.0,,
2026-09-09T17:24:41+00:00,2026-09-09 00:00:00,NYN,MIA,0.503896625617019,0.5304560635574412,1.8547008547008548,2.09,9,-0.0265594379404222,0.008453223041383,,
2026-09-09T17:24:41+00:00,2026-09-09 00:00:00,CHN,MIL,0.600010137828664,0.5435480642172317,1.8130081300813008,2.16,9,0.0564620736114322,0.02,,
2026-09-09T17:24:41+00:00,2026-09-09 00:00:00,COL,NYA,0.593319343535527,0.6857966594290105,1.425531914893617,3.15,9,-0.0924773158934835,0.02,,
2026-09-09T17:24:41+00:00,2026-09-09 00:00:00,TOR,OAK,0.443209035437319,0.4035562558680469,2.44,1.641025641025641,9,0.0396527795692721,0.0141371608449754,,
2026-09-09T17:24:41+00:00,2026-09-09 00:00:00,HOU,PHI,0.5423553406422957,0.579297444226625,1.6993006993006992,2.3200000000000003,9,-0.0369421035843292,0.0116923503238397,,
2026-09-09T17:24:41+00:00,2026-09-09 00:00:00,WAS,SDN,0.5713730323395728,0.6204251697541739,1.5714285714285714,2.6100000000000003,9,-0.0490521374146011,0.0184342213654837,,
2026-09-09T17:24:41+00:00,2026-09-09 00:00:00,TEX,SEA,0.5004294204444941,0.5789697094108545,1.7142857142857144,2.33,9,-0.0785402889663603,0.02,,
2026-09-09T17:24:41+00:00,2026-09-09 00:00:00,SLN,SFN,0.4907704820753029,0.4824512600649191,2.02,1.900900900900901,9,0.0083192220103838,0.0,,
2026-09-10T17:23:28+00:00,2026-09-10 00:00:00,TBA,ATL,0.5580255245414486,0.5483151110687247,1.8,2.25,6,0.0097104134727239,0.0,,
2026-09-10T17:23:28+00:00,2026-09-10 00:00:00,PIT,CHA,0.5075523535470315,0.4998684073803436,1.9615384615384617,1.9523809523809523,9,0.0076839461666878,0.0,,
2026-09-10T17:23:28+00:00,2026-09-10 00:00:00,COL,NYA,0.595958644590719,0.7188377734133529,1.3571428571428572,3.5,9,-0.1228791288226338,0.02,,
2026-09-10T17:23:28+00:00,2026-09-10 00:00:00,HOU,PHI,0.5472240536539847,0.6391653580492295,1.5050505050505052,2.95,6,-0.0919413043952447,0.02,,
2026-09-10T17:23:28+00:00,2026-09-10 00:00:00,TEX,SEA,0.4991518018820231,0.5335018804702557,1.826446280991736,2.1100000000000003,9,-0.0343500785882325,0.0127904725290386,,
2026-09-11T17:24:43+00:00,2026-09-11 00:00:00,PHI,ATL,0.5794564101045308,0.6244623768922348,1.5617977528089888,2.6100000000000003,9,-0.045005966787704,0.0151581940414867,,
2026-09-11T17:24:43+00:00,2026-09-11 00:00:00,KCA,BOS,0.5797831447120191,0.6443970751548741,1.5208333333333337,2.8,9,-0.064613930442855,0.02,,
2026-09-11T17:24:43+00:00,2026-09-11 00:00:00,PIT,CHN,0.5610571690040324,0.6318396909354903,1.5405405405405406,2.67,9,-0.0707825219314579,0.02,,
2026-09-11T17:24:43+00:00,2026-09-11 00:00:00,COL,DET,0.5759514928888924,0.6257595170444247,1.5649717514124295,2.63,9,-0.0498080241555323,0.0176760082365357,,
2026-09-11T17:24:43+00:00,2026-09-11 00:00:00,LAN,MIA,0.4791037628613324,0.3450573765368477,2.85,1.4878048780487805,9,0.1340463863244847,0.02,,
2026-09-11T17:24:43+00:00,2026-09-11 00:00:00,CIN,MIL,0.5991386612451103,0.6393035494522633,1.5376344086021505,2.75,9,-0.040164888207153,0.0146240973679923,,
2026-09-11T17:24:43+00:00,2026-09-11 00:00:00,NYN,NYA,0.5066093042324261,0.5545300096933771,1.7692307692307692,2.2,9,-0.0479207054609509,0.0178040688934713,,
2026-09-11T17:24:43+00:00,2026-09-11 00:00:00,HOU,TBA,0.5754565364736984,0.6082811910498457,1.598802395209581,2.51,9,-0.0328246545761472,0.0108616048759961,,
2026-09-11T17:24:43+00:00,2026-09-11 00:00:00,BAL,TOR,0.5465281802257504,0.5560907961843429,1.7518796992481205,2.22,9,-0.0095626159585924,0.0,,
2026-09-11T17:24:43+00:00,2026-09-11 00:00:00,ANA,WAS,0.527764111751066,0.5820381356753055,1.6756756756756757,2.34,9,-0.0542740239242395,0.0195955183773331,,
2026-09-12T16:36:11+00:00,2026-09-12 00:00:00,PHI,ATL,0.5878773503025203,0.5579372075667224,1.7462686567164178,2.23,9,0.0299401427357979,0.0089082499269743,,
2026-09-12T16:36:11+00:00,2026-09-12 00:00:00,KCA,BOS,0.5730798065627205,0.6593828169406442,1.4716981132075473,2.9,9,-0.0863030103779236,0.02,,
2026-09-12T16:36:11+00:00,2026-09-12 00:00:00,PIT,CHN,0.5432416704545399,0.5370455228478638,1.8130081300813008,2.12,9,0.006196147606676,0.0,,
2026-09-12T16:36:11+00:00,2026-09-12 00:00:00,COL,DET,0.5444168837628948,0.5956381914680279,1.6451612903225803,2.45,9,-0.0512213077051331,0.02,,
2026-09-12T16:36:11+00:00,2026-09-12 00:00:00,LAN,MIA,0.4791223651118969,0.3724630881561678,2.64,1.5494505494505495,9,0.106659276955729,0.02,,
2026-09-12T16:36:11+00:00,2026-09-12 00:00:00,CIN,MIL,0.6116184862940035,0.6275237545609694,1.5494505494505495,2.64,7,-0.0159052682669659,0.0,,
2026-09-12T16:36:11+00:00,2026-09-12 00:00:00,CLE,MIN,0.5131433825648817,0.5021426355348731,1.9433962264150944,1.970873786407767,9,0.0110007470300085,0.0,,
2026-09-12T16:36:11+00:00,2026-09-12 00:00:00,NYN,NYA,0.5490531530503505,0.5980732108860205,1.6369426751592355,2.45,9,-0.0490200578356699,0.0180723750045933,,
2026-09-12T16:36:11+00:00,2026-09-12 00:00:00,SDN,SFN,0.4502704933659494,0.3799670119280454,2.6100000000000003,1.5681818181818183,9,0.0703034814379039,0.02,,
2026-09-12T16:36:11+00:00,2026-09-12 00:00:00,CHA,SLN,0.5479814096677679,0.5040215608954043,1.9615384615384617,1.970873786407767,9,0.0439598487723635,0.0194705189305616,,
2026-09-12T16:36:11+00:00,2026-09-12 00:00:00,HOU,TBA,0.5856197254682016,0.5672770597386751,1.7142857142857144,2.27,9,0.0183426657295264,0.0,,
2026-09-12T16:36:11+00:00,2026-09-12 00:00:00,BAL,TOR,0.5507444715335151,0.540158971613334,1.806451612903225,2.15,9,0.010585499920181,0.0,,
2026-09-12T16:36:11+00:00,2026-09-12 00:00:00,ANA,WAS,0.5364103005061013,0.5337517221886766,1.8547008547008548,2.15,9,0.0026585783174246,0.0,,
2026-09-13T17:07:43+00:00,2026-09-13 00:00:00,TEX,ARI,0.5581769197126585,0.5419949567009239,1.819672131147541,2.13,9,0.0161819630117345,0.0,,
2026-09-13T17:07:43+00:00,2026-09-13 00:00:00,PHI,ATL,0.6013799074257252,0.5427324422650752,1.8,2.14,9,0.05864746516065,0.02,,
2026-09-13T17:07:43+00:00,2026-09-13 00:00:00,KCA,BOS,0.572837608398137,0.6258101912602236,1.5714285714285714,2.66,9,-0.0529725828620866,0.02,,
2026-09-13T17:07:43+00:00,2026-09-13 00:00:00,PIT,CHN,0.5565519703978077,0.5997101662751751,1.6369426751592355,2.48,9,-0.0431581958773674,0.0168498502387562,,
2026-09-13T17:07:43+00:00,2026-09-13 00:00:00,COL,DET,0.5412876610652141,0.9035361046869524,1.0555555555555556,10.5,6,-0.3622484436217383,0.02,,
2026-09-13T17:07:43+00:00,2026-09-13 00:00:00,LAN,MIA,0.4838424166777724,0.4430163388717413,2.21,1.7692307692307692,9,0.0408260778060311,0.0143164753838588,,
2026-09-13T17:07:43+00:00,2026-09-13 00:00:00,CIN,MIL,0.6177284810675048,0.6376545420776056,1.526315789473684,2.72,9,-0.0199260610101008,0.0,,
2026-09-13T17:07:43+00:00,2026-09-13 00:00:00,CLE,MIN,0.5167938092378802,0.5369788866467583,1.819672131147541,2.12,9,-0.020185077408878,0.0054457866999316,,
2026-09-13T17:07:43+00:00,2026-09-13 00:00:00,NYN,NYA,0.5474680772017133,0.6170843984117177,1.5847953216374269,2.54,9,-0.0696163212100043,0.02,,
2026-09-13T17:07:43+00:00,2026-09-13 00:00:00,SEA,OAK,0.4546324241408584,0.4512085499321647,2.2,1.8,9,0.0034238742086937,0.0,,
2026-09-13T17:07:43+00:00,2026-09-13 00:00:00,SDN,SFN,0.4446228240427439,0.4604915619560994,2.14,1.8,9,-0.0158687379133555,0.0,,
2026-09-13T17:07:43+00:00,2026-09-13 00:00:00,CHA,SLN,0.552287747232772,0.4815804758893113,2.05,1.8928571428571428,9,0.0707072713434606,0.02,,
2026-09-13T17:07:43+00:00,2026-09-13 00:00:00,HOU,TBA,0.5918834105695698,0.544363475727414,1.806451612903225,2.18,9,0.0475199348421558,0.02,,
2026-09-13T17:07:43+00:00,2026-09-13 00:00:00,BAL,TOR,0.5486492458869757,0.5775202875384776,1.6802721088435373,2.33,9,-0.0288710416515018,0.0097081310307042,,
2026-09-13T17:07:43+00:00,2026-09-13 00:00:00,ANA,WAS,0.5538651741674137,0.5544310934336718,1.763358778625954,2.22,9,-0.0005659192662581,0.0,,
2026-09-14T18:57:29+00:00,2026-09-14 00:00:00,ATL,CHN,0.5441451670982663,0.5539728236946897,1.7692307692307692,2.19,9,-0.0098276565964233,0.0,,
2026-09-14T18:57:29+00:00,2026-09-14 00:00:00,ATL,CHN,0.5441451670982663,0.5601260705238725,1.7407407407407407,2.22,3,-0.0159809034256062,0.0,,
2026-09-14T18:57:29+00:00,2026-09-14 00:00:00,LAN,CIN,0.4743994762503319,0.3402949028644175,2.89,1.4830917874396137,9,0.1341045733859143,0.02,,
2026-09-14T18:57:29+00:00,2026-09-14 00:00:00,LAN,CIN,0.4743994762503319,0.3391239095655338,2.89,1.4761904761904765,4,0.1352755666847981,0.02,,
2026-09-14T18:57:29+00:00,2026-09-14 00:00:00,CHA,CLE,0.5509025295176613,0.5843413710698655,1.6711409395973154,2.35,9,-0.0334388415522042,0.0102553806728696,,
2026-09-14T18:57:29+00:00,2026-09-14 00:00:00,CHA,CLE,0.5509025295176613,0.5439637697422486,1.8,2.14,4,0.0069387597754126,0.0,,
2026-09-14T18:57:29+00:00,2026-09-14 00:00:00,NYA,MIN,0.495133505161774,0.4651242897022974,2.09,1.8333333333333333,9,0.0300092154594766,0.0079883086669971,,
2026-09-14T18:57:29+00:00,2026-09-14 00:00:00,NYA,MIN,0.495133505161774,0.3858217972290497,2.54,1.5882352941176472,4,0.1093117079327243,0.02,,
2026-09-14T18:57:29+00:00,2026-09-14 00:00:00,BAL,NYN,0.5299324375095448,0.5321051231457207,1.8333333333333333,2.09,9,-0.0021726856361758,0.0,,
2026-09-14T18:57:29+00:00,2026-09-14 00:00:00,BAL,NYN,0.5299324375095448,0.5322166511665521,1.8333333333333333,2.09,3,-0.0022842136570073,0.0,,
2026-09-14T18:57:29+00:00,2026-09-14 00:00:00,SFN,SLN,0.5538971855778095,0.5636714344871846,1.7352941176470589,2.23,9,-0.009774248909375,0.0,,
2026-09-14T18:57:29+00:00,2026-09-14 00:00:00,SFN,SLN,0.5538971855778095,0.5767274884528105,1.6896551724137931,2.31,3,-0.0228303028750009,0.00582013383879,,
2026-09-14T18:57:29+00:00,2026-09-14 00:00:00,DET,TOR,0.5155289306857541,0.5561392972701611,1.7518796992481205,2.21,9,-0.0406103665844069,0.0146035254513395,,
2026-09-15T17:49:24+00:00,2026-09-15 00:00:00,ATL,CHN,0.5649326312968402,0.5626813155371976,1.7352941176470589,2.24,9,0.0022513157596426,0.0,,
2026-09-15T17:49:24+00:00,2026-09-15 00:00:00,LAN,CIN,0.462435294338631,0.3229086545714094,3.06,1.434782608695652,9,0.1395266397672215,0.02,,
2026-09-15T17:49:24+00:00,2026-09-15 00:00:00,CHA,CLE,0.5420027191391233,0.5802337763494589,1.6944444444444444,2.35,9,-0.0382310572103355,0.0141284463005667,,
2026-09-15T17:49:24+00:00,2026-09-15 00:00:00,NYA,MIN,0.479819412789264,0.3843647723445104,2.55,1.5813953488372094,9,0.0954546404447535,0.02,,
2026-09-15T17:49:24+00:00,2026-09-15 00:00:00,BAL,NYN,0.5129606813183727,0.5487803506914878,1.78125,2.17,9,-0.035819669373115,0.0121528464827203,,
2026-09-15T17:49:24+00:00,2026-09-15 00:00:00,MIL,PIT,0.4799179163972406,0.3449317001172221,2.83,1.4901960784313726,9,0.1349862162800185,0.02,,
2026-09-15T17:49:24+00:00,2026-09-15 00:00:00,SFN,SLN,0.5553512674627473,0.5933641150374407,1.6622516556291391,2.4,9,-0.0380128475746933,0.0119923139445368,,
2026-09-15T17:49:24+00:00,2026-09-15 00:00:00,OAK,TBA,0.5735608280986465,0.6735801367706477,1.4444444444444444,3.02,9,-0.1000193086720011,0.02,,
2026-09-15T17:49:24+00:00,2026-09-15 00:00:00,DET,TOR,0.5069607076569808,0.5588750546629178,1.7518796992481205,2.21,9,-0.051914347005937,0.0185158752227422,,
2026-09-15T17:49:24+00:00,2026-09-15 00:00:00,PHI,WAS,0.5167521384775353,0.3430454913617187,2.91,1.4878048780487805,9,0.1737066471158166,0.02,,
2026-09-16T17:49:25+00:00,2026-09-16 00:00:00,ATL,CHN,0.5508041659795158,0.5923102307625312,1.6451612903225803,2.43,9,-0.0415060647830154,0.0160045238933175,,
2026-09-16T17:49:25+00:00,2026-09-16 00:00:00,LAN,CIN,0.4565272652136118,0.3401776712702123,2.95,1.4761904761904765,9,0.1163495939433994,0.02,,
2026-09-16T17:49:25+00:00,2026-09-16 00:00:00,CHA,CLE,0.5550818695738677,0.6105297455657513,1.598802395209581,2.6,6,-0.0554478759918836,0.02,,
2026-09-16T17:49:25+00:00,2026-09-16 00:00:00,NYA,MIN,0.4625049201187128,0.4042361048924353,2.58,1.6896551724137931,9,0.0582688152262774,0.02,,
2026-09-16T17:49:25+00:00,2026-09-16 00:00:00,BAL,NYN,0.5039153168713097,0.546792897267,1.7936507936507935,2.15,9,-0.0428775803956902,0.0144743627666704,,
2026-09-16T17:49:25+00:00,2026-09-16 00:00:00,MIL,PIT,0.4686370764987813,0.4642466024077841,2.14,1.847457627118644,9,0.0043904740909972,0.0,,
2026-09-16T17:49:25+00:00,2026-09-16 00:00:00,SFN,SLN,0.5493864898195644,0.5826416365661087,1.6451612903225803,2.3,6,-0.0332551467465442,0.0070021295028849,,
2026-09-16T17:49:25+00:00,2026-09-16 00:00:00,OAK,TBA,0.5886357030733619,0.6181700800702846,1.5813953488372094,2.58,9,-0.0295343769969227,0.0097025136187858,,
2026-09-16T17:49:25+00:00,2026-09-16 00:00:00,DET,TOR,0.4997877743835107,0.5431960124861769,1.7936507936507935,2.15,9,-0.0434082381026662,0.0164035402337939,,
2026-09-16T17:49:25+00:00,2026-09-16 00:00:00,PHI,WAS,0.5145034139751704,0.3649240311332642,2.7,1.5376344086021505,9,0.1495793828419062,0.02,,
2026-09-17T17:49:52+00:00,2026-09-17 00:00:00,DET,CHA,0.5309193665122828,0.5144539622168417,1.9090909090909087,2.04,8,0.016465404295441,0.0,,
2026-09-17T17:49:52+00:00,2026-09-17 00:00:00,LAN,CIN,0.4647184202645462,0.0324797545794372,31.0,1.01,2,0.432238665685109,0.02,,
2026-09-17T17:49:52+00:00,2026-09-17 00:00:00,SDN,COL,0.3873764024464007,0.3566573818168941,2.8,1.510204081632653,8,0.0307190206295065,0.0117574898402669,,
2026-09-17T17:49:52+00:00,2026-09-17 00:00:00,KCA,HOU,0.5677562474122584,0.5791358300215038,1.6896551724137931,2.31,8,-0.0113795826092454,0.0,,
2026-09-17T17:49:52+00:00,2026-09-17 00:00:00,PHI,NYN,0.4878795567960783,0.5428601098863004,1.8,2.14,8,-0.054980553090222,0.02,,
2026-09-17T17:49:52+00:00,2026-09-17 00:00:00,MIL,PIT,0.4689457799113367,0.865062437648354,1.1111111111111112,8.0,5,-0.3961166577370173,0.02,,
2026-09-17T17:49:52+00:00,2026-09-17 00:00:00,OAK,TBA,0.6235507450599143,0.7102522079047523,1.350877192982456,3.5,5,-0.086701462844838,0.02,,
2026-09-18T17:21:53+00:00,2026-09-18 00:00:00,MIL,BAL,0.507340318107164,0.4231020466082087,2.31,1.704225352112676,8,0.0842382714989551,0.02,,
2026-09-18T17:21:53+00:00,2026-09-18 00:00:00,DET,CHA,0.5342647355153972,0.5438305967976749,1.8,2.14,8,-0.0095658612822776,0.0,,
2026-09-18T17:21:53+00:00,2026-09-18 00:00:00,CHN,CIN,0.473717865858897,0.4352970374187019,2.25,1.7462686567164178,8,0.0384208284401951,0.0131730396365036,,
2026-09-18T17:21:53+00:00,2026-09-18 00:00:00,OAK,CLE,0.6084823963550087,0.6703693827622544,1.462962962962963,3.05,8,-0.0618869864072457,0.02,,
2026-09-18T17:21:53+00:00,2026-09-18 00:00:00,PHI,NYN,0.4866242875056533,0.5051093787018401,1.9523809523809523,1.970873786407767,6,-0.0184850911961867,0.0,,
2026-09-18T17:21:53+00:00,2026-09-18 00:00:00,KCA,PIT,0.5462420609059042,0.6301432074993069,1.5494505494505495,2.64,8,-0.0839011465934026,0.02,,
2026-09-18T17:21:53+00:00,2026-09-18 00:00:00,BOS,TBA,0.5774496274997251,0.5548912082290507,1.7575757575757576,2.2,8,0.0225584192706743,0.0049207839498405,,
2026-09-19T16:53:00+00:00,2026-09-19 00:00:00,MIL,BAL,0.4533610068883605,0.4956837557576618,1.9803921568627447,1.9523809523809523,9,-0.0423227488693012,0.0176524839697152,,
2026-09-19T16:53:00+00:00,2026-09-19 00:00:00,DET,CHA,0.528728653580606,0.5421719262434758,1.819672131147541,2.13,9,-0.0134432726628698,0.0,,
2026-09-19T16:53:00+00:00,2026-09-19 00:00:00,CHN,CIN,0.5212637975437808,0.439872782969532,2.22,1.7462686567164178,9,0.0813910145742488,0.02,,
2026-09-19T16:53:00+00:00,2026-09-19 00:00:00,OAK,CLE,0.5645569998539938,0.6268069575330782,1.5494505494505495,2.67,9,-0.0622499576790844,0.02,,
2026-09-19T16:53:00+00:00,2026-09-19 00:00:00,ATL,HOU,0.5164370903156538,0.5518086101208334,1.7692307692307692,2.21,9,-0.0353715198051796,0.0141888492566952,,
2026-09-19T16:53:00+00:00,2026-09-19 00:00:00,PHI,NYN,0.5073454791441604,0.5326899052849006,1.8333333333333333,2.1,9,-0.0253444261407401,0.0078578394993779,,
2026-09-19T16:53:00+00:00,2026-09-19 00:00:00,KCA,PIT,0.5591779728958068,0.5168487257944877,1.8849557522123888,2.03,9,0.0423292471013191,0.0152622705670171,,
2026-09-19T16:53:00+00:00,2026-09-19 00:00:00,WAS,SLN,0.5408685620378881,0.5064847353205439,1.9174311926605505,1.99009900990099,9,0.0343838267173441,0.0101038236647965,,
2026-09-19T16:53:00+00:00,2026-09-19 00:00:00,BOS,TBA,0.5625765431384229,0.5855631530161203,1.6756756756756757,2.38,9,-0.0229866098776974,0.0074398237917669,,
2026-09-19T16:53:00+00:00,2026-09-19 00:00:00,TOR,TEX,0.5349370746769551,0.5063262645831905,1.9615384615384617,1.99009900990099,9,0.0286108100937645,0.012817908085247,,
2026-09-20T17:05:52+00:00,2026-09-20 00:00:00,MIN,ANA,0.4784835205406038,0.4825690396892949,2.02,1.8928571428571428,9,-0.0040855191486911,0.0,,
2026-09-20T17:05:52+00:00,2026-09-20 00:00:00,NYA,ARI,0.504142246859422,0.5208512421406672,1.8849557522123888,2.06,9,-0.0167089952812452,0.0,,
2026-09-20T17:05:52+00:00,2026-09-20 00:00:00,MIL,BAL,0.4418813263393406,0.348955270267243,2.95,1.5,9,0.0929260560720976,0.02,,
2026-09-20T17:05:52+00:00,2026-09-20 00:00:00,DET,CHA,0.5319818747828823,0.5186378224766569,1.900900900900901,2.03,9,0.0133440523062253,0.0,,
2026-09-20T17:05:52+00:00,2026-09-20 00:00:00,CHN,CIN,0.495151779075706,0.4069301624417358,2.42,1.6493506493506491,9,0.0882216166339702,0.02,,
2026-09-20T17:05:52+00:00,2026-09-20 00:00:00,OAK,CLE,0.5890394955812766,0.6831039081400819,1.423728813559322,3.12,9,-0.0940644125588053,0.02,,
2026-09-20T17:05:52+00:00,2026-09-20 00:00:00,SEA,COL,0.4594202802480979,0.4053628599189624,2.43,1.6451612903225803,9,0.0540574203291355,0.02,,
2026-09-20T17:05:52+00:00,2026-09-20 00:00:00,ATL,HOU,0.4988074452344674,0.5803336229483086,1.6896551724137931,2.34,9,-0.0815261777138411,0.02,,
2026-09-20T17:05:52+00:00,2026-09-20 00:00:00,SFN,LAN,0.6406532180797248,0.7039593242804058,1.3846153846153846,3.36,9,-0.063306106200681,0.02,,
2026-09-20T17:05:52+00:00,2026-09-20 00:00:00,PHI,NYN,0.4975858261179732,0.4098582209373503,2.43,1.6711409395973154,9,0.0877276051806228,0.02,,
2026-09-20T17:05:52+00:00,2026-09-20 00:00:00,KCA,PIT,0.5716836927022396,0.5200024025891925,1.9090909090909087,2.05,9,0.0516812901130471,0.02,,
2026-09-20T17:05:52+00:00,2026-09-20 00:00:00,MIA,SDN,0.562982987993557,0.5785958748023503,1.7092198581560285,2.31,9,-0.0156128868087933,0.0,,
2026-09-20T17:05:52+00:00,2026-09-20 00:00:00,WAS,SLN,0.5287074446765239,0.5394866437158479,1.826446280991736,2.13,9,-0.010779199039324,0.0,,
2026-09-20T17:05:52+00:00,2026-09-20 00:00:00,BOS,TBA,0.5915374091825744,0.5764687619976853,1.6944444444444444,2.3200000000000003,9,0.015068647184889,0.0,,
2026-09-20T17:05:52+00:00,2026-09-20 00:00:00,TOR,TEX,0.540960118939261,0.6142858538796097,1.5952380952380951,2.5700000000000003,9,-0.0733257349403486,0.02,,
2026-09-21T18:58:01+00:00,2026-09-21 00:00:00,TOR,BAL,0.5244198548100285,0.5023410472298067,1.9523809523809523,1.9615384615384617,9,0.0220788075802218,0.0062651755901395,,
2026-09-21T18:58:01+00:00,2026-09-21 00:00:00,TOR,BAL,0.5244198548100285,0.5227009554917944,1.869565217391304,2.04,5,0.0017188993182341,0.0,,
2026-09-21T18:58:01+00:00,2026-09-21 00:00:00,WAS,DET,0.4996023550941773,0.5529245847217127,1.78125,2.18,9,-0.0533222296275353,0.0192514546387062,,
2026-09-21T18:58:01+00:00,2026-09-21 00:00:00,WAS,DET,0.4996023550941773,0.5882121326512708,1.6756756756756757,2.39,5,-0.0886097775570934,0.02,,
2026-09-22T17:48:56+00:00,2026-09-22 00:00:00,CIN,ATL,0.6167093376029523,0.6279744515378076,1.5434782608695652,2.66,9,-0.0112651139348552,0.0,,
2026-09-22T17:48:56+00:00,2026-09-22 00:00:00,TOR,BAL,0.5319575962058725,0.5270348458715844,1.8547008547008548,2.0700000000000003,9,0.004922750334288,0.0,,
2026-09-22T17:48:56+00:00,2026-09-22 00:00:00,CLE,BOS,0.5355252381374909,0.537222324134021,1.8333333333333333,2.1100000000000003,9,-0.0016970859965301,0.0,,
2026-09-22T17:48:56+00:00,2026-09-22 00:00:00,MIA,CHN,0.5812629009560903,0.644619604936326,1.510204081632653,2.76,9,-0.0633567039802356,0.02,,
2026-09-22T17:48:56+00:00,2026-09-22 00:00:00,WAS,DET,0.5072503072562229,0.5873566602489972,1.6666666666666663,2.39,9,-0.0801063529927743,0.02,,
2026-09-22T17:48:56+00:00,2026-09-22 00:00:00,CHA,KCA,0.4780328203262519,0.4775866778444922,2.05,1.869565217391304,9,0.0004461424817597,0.0,,
2026-09-22T17:48:56+00:00,2026-09-22 00:00:00,TBA,NYA,0.5054613151195615,0.5436759612235955,1.7692307692307692,2.15,6,-0.038214646104034,0.0137517766289005,,
2026-09-22T17:48:56+00:00,2026-09-22 00:00:00,TBA,NYA,0.5054613151195615,0.5475167548040003,1.8,2.16,9,-0.0420554396844388,0.0146990429615834,,
2026-09-22T17:48:56+00:00,2026-09-22 00:00:00,TBA,NYA,0.500668107365587,0.5436759612235955,1.7692307692307692,2.15,6,-0.0430078538580085,0.0159920802530408,,
2026-09-22T17:48:56+00:00,2026-09-22 00:00:00,TBA,NYA,0.500668107365587,0.5475167548040003,1.8,2.16,9,-0.0468486474384133,0.0169303638125716,,
2026-09-22T17:48:56+00:00,2026-09-22 00:00:00,MIL,PHI,0.492281491499919,0.5594762847149656,1.763358778625954,2.2,9,-0.0671947932150465,0.02,,
2026-09-22T17:48:56+00:00,2026-09-22 00:00:00,SLN,PIT,0.5418423815276858,0.6074803821955495,1.606060606060606,2.49,9,-0.0656380006678636,0.02,,
2026-09-23T18:03:01+00:00,2026-09-23 00:00:00,CIN,ATL,0.5961535078843913,0.7023409015258866,1.392156862745098,3.33,9,-0.1061873936414953,0.02,,
2026-09-23T18:03:01+00:00,2026-09-23 00:00:00,TOR,BAL,0.527333738525835,0.5200169634970417,1.925925925925926,2.05,6,0.0073167750287932,0.0,,
2026-09-23T18:03:01+00:00,2026-09-23 00:00:00,TOR,BAL,0.527333738525835,0.5265921841860012,1.8333333333333333,2.09,7,0.0007415543398338,0.0,,
2026-09-23T18:03:01+00:00,2026-09-23 00:00:00,TOR,BAL,0.5248323313055898,0.5200169634970417,1.925925925925926,2.05,6,0.004815367808548,0.0,,
2026-09-23T18:03:01+00:00,2026-09-23 00:00:00,TOR,BAL,0.5248323313055898,0.5265921841860012,1.8333333333333333,2.09,7,-0.0017598528804113,0.0,,
2026-09-23T18:03:01+00:00,2026-09-23 00:00:00,CLE,BOS,0.5237073091669813,0.5526506397599628,1.7692307692307692,2.2,9,-0.0289433305929814,0.0099674832984669,,
2026-09-23T18:03:01+00:00,2026-09-23 00:00:00,MIA,CHN,0.5618049505816127,0.6129005170796865,1.5917159763313609,2.53,9,-0.0510955664980737,0.0177505678151176,,
2026-09-23T18:03:01+00:00,2026-09-23 00:00:00,WAS,DET,0.5010515040854756,0.6181804032921611,1.6493506493506491,2.65,6,-0.1171288992066854,0.02,,
2026-09-23T18:03:01+00:00,2026-09-23 00:00:00,CHA,KCA,0.4848794106887437,0.4803507475726954,2.06,1.8849557522123892,9,0.0045286631160482,0.0,,
2026-09-23T18:03:01+00:00,2026-09-23 00:00:00,TBA,NYA,0.5152325380304603,0.5624936960524645,1.7462686567164178,2.28,9,-0.0472611580220041,0.02,,
2026-09-23T18:03:01+00:00,2026-09-23 00:00:00,MIL,PHI,0.5080006094899406,0.4623462245333257,2.14,1.819672131147541,9,0.0456543849566148,0.0191055491904545,,
2026-09-23T18:03:01+00:00,2026-09-23 00:00:00,SLN,PIT,0.5442835545237361,0.5580662676467262,1.7575757575757576,2.22,9,-0.01378271312299,0.0,,
2026-09-23T18:03:01+00:00,2026-09-23 00:00:00,MIN,SFN,0.5044071656620863,0.4094398314233019,2.4,1.6578947368421053,9,0.0949673342387844,0.02,,
